settlement_id,utr,amount,settled_at,payment_ids,refund_ids,adjustment_ids,currency
setl_000982,ICICR54445557842,691654.09,2026-07-14T11:30:00+05:30,pay_000978|pay_000980,,,INR
setl_004787,,69900.00,2026-07-28T11:30:00+05:30,pay_004785,,,INR
setl_004215,SBINR63437651725,3521.24,2026-07-03T11:30:00+05:30,pay_004213,,,INR
setl_000848,,35840.02,2026-07-21T11:30:00+05:30,pay_000846,,,INR
setl_000638,SBINR85685122984,9918.50,2026-07-14T11:30:00+05:30,pay_000632|pay_000634|pay_000636,,,INR
setl_007547,ICICR48007237610,14110.40,2026-07-03T11:30:00+05:30,pay_007543|pay_007545,,,INR
setl_004575,,16514.00,2026-07-06T11:30:00+05:30,pay_004571|pay_004573,,,INR
setl_000678,,868.00,2026-07-31T11:30:00+05:30,pay_000676,,,INR
setl_005659,ICICR73125843849,5012.00,2026-07-07T11:30:00+05:30,pay_005657,,,INR
setl_006657,AXISP33010089298,262790.55,2026-07-06T11:30:00+05:30,pay_006653|pay_006655,,,INR
setl_002878,HDFCN12739973079,1365.15,2026-07-06T11:30:00+05:30,pay_002874|pay_002876,,,INR
setl_005877,HDFCN20216133163,5336.11,2026-07-30T11:30:00+05:30,pay_005873|pay_005875,,,INR
setl_001214,SBINR51572678333,289.37,2026-07-10T11:30:00+05:30,pay_001212,,,INR
setl_003718,,736898.00,2026-07-07T11:30:00+05:30,pay_003714|pay_003716,,,INR
setl_000581,SBINR67305256076,2684.00,2026-07-09T11:30:00+05:30,pay_000579,,,INR
setl_003561,ICICR78806096273,1178433.40,2026-07-27T11:30:00+05:30,pay_003555|pay_003557|pay_003559,,,INR
setl_005673,AXISP83637517968,4821.68,2026-07-15T11:30:00+05:30,pay_005669|pay_005671,,,INR
setl_004162,SBINR01953574930,265871.14,2026-08-03T11:30:00+05:30,pay_004156|pay_004158|pay_004160,,,INR
setl_005818,AXISP87406876201,502392.66,2026-07-15T11:30:00+05:30,pay_005812|pay_005814|pay_005816,,,INR
setl_002710,SBINR51392605649,55573.74,2026-07-24T11:30:00+05:30,pay_002706|pay_002708,,,INR
setl_005400,HDFCN31838676599,667073.00,2026-07-22T11:30:00+05:30,pay_005396|pay_005398,,,INR
setl_001260,,54072.06,2026-07-15T11:30:00+05:30,pay_001258,,,INR
setl_003210,,2207.38,2026-07-14T11:30:00+05:30,pay_003208,,,INR
setl_007702,SBINR41780451731,5033.00,2026-07-27T11:30:00+05:30,pay_007700,,,INR
setl_004746,SBINR86812934539,2176.83,2026-07-14T11:30:00+05:30,pay_004744,,,INR
setl_006744,ICICR11910264072,853.00,2026-07-06T11:30:00+05:30,pay_006742,,,INR
setl_000608,HDFCN90402936637,27799.10,2026-07-06T11:30:00+05:30,pay_000601|pay_000603|pay_000605,rfnd_000607,,INR
setl_005586,ICICR07802524533,50341.84,2026-08-04T11:30:00+05:30,pay_005580|pay_005582|pay_005584,,,INR
setl_006762,AXISP76090732043,25173.66,2026-07-21T11:30:00+05:30,pay_006760,,,INR
setl_002915,HDFCN82556647661,4684.00,2026-07-06T11:30:00+05:30,pay_002913,,,INR
setl_001671,AXISP79659367739,5483.00,2026-07-13T11:30:00+05:30,pay_001669,,,INR
setl_003187,HDFCN15963781663,913962.00,2026-07-16T11:30:00+05:30,pay_003185,,,INR
setl_001050,,8722.00,2026-07-14T11:30:00+05:30,pay_001046|pay_001048,,,INR
setl_003517,,562.41,2026-07-24T11:30:00+05:30,pay_003515,,,INR
setl_004372,AXISP27947519724,59028.68,2026-07-09T11:30:00+05:30,pay_004368|pay_004370,,,INR
setl_002104,SBINR58552736089,56741.09,2026-07-27T11:30:00+05:30,pay_002100|pay_002102,,,INR
setl_005192,,654.19,2026-07-08T11:30:00+05:30,pay_005190,,,INR
setl_004364,SBINR86993178637,8824.00,2026-08-04T11:30:00+05:30,pay_004362,,,INR
setl_000037,,55849.36,2026-07-29T11:30:00+05:30,pay_000035,,,INR
setl_007629,HDFCN35953313661,46114.00,2026-07-24T11:30:00+05:30,pay_007627,,,INR
setl_002228,AXISP26150628307,529567.62,2026-07-09T11:30:00+05:30,pay_002224|pay_002226,,,INR
setl_002737,,7061.00,2026-07-28T11:30:00+05:30,pay_002735,,,INR
setl_006024,SBINR78999758265,11131.00,2026-07-31T11:30:00+05:30,pay_006020|pay_006022,,,INR
setl_001691,,62854.99,2026-07-16T11:30:00+05:30,pay_001689,,,INR
setl_004905,ICICR13422694360,14079.69,2026-07-16T11:30:00+05:30,pay_004901|pay_004903,,,INR
setl_001687,,62854.99,2026-07-16T11:30:00+05:30,pay_001685,,,INR
setl_001842,,65346.33,2026-07-14T11:30:00+05:30,pay_001840,,,INR
setl_006332,,8683.84,2026-08-03T11:30:00+05:30,pay_006330,,,INR
setl_002401,AXISP90856022622,5419.01,2026-07-08T11:30:00+05:30,pay_002397|pay_002399,,,INR
setl_005361,ICICR80750208735,109540.87,2026-07-24T11:30:00+05:30,pay_005357|pay_005359,,,INR
setl_001139,,528.23,2026-07-22T11:30:00+05:30,pay_001137,,,INR
setl_006083,AXISP36211730366,838.00,2026-07-30T11:30:00+05:30,pay_006081,,,INR
setl_004427,HDFCN96743085827,68347.44,2026-07-13T11:30:00+05:30,pay_004421|pay_004423|pay_004425,,,INR
setl_006873,HDFCN50074514377,179.66,2026-07-09T11:30:00+05:30,pay_006871,,,INR
setl_001848,,53669.34,2026-07-14T11:30:00+05:30,pay_001844|pay_001846,,,INR
setl_002994,AXISP28401330369,3328.00,2026-07-14T11:30:00+05:30,pay_002992,,,INR
setl_000208,,13120.88,2026-07-07T11:30:00+05:30,pay_000204|pay_000206,,,INR
setl_003180,,74122.07,2026-07-21T11:30:00+05:30,pay_003176|pay_003178,,,INR
setl_002308,,36339.93,2026-07-14T11:30:00+05:30,pay_002306,,,INR
setl_003411,,22251.38,2026-07-17T11:30:00+05:30,pay_003409,,,INR
setl_004082,HDFCN74129700470,5812.60,2026-07-14T11:30:00+05:30,pay_004080,,,INR
setl_001220,SBINR51596840107,165.01,2026-07-06T11:30:00+05:30,pay_001218,,,INR
setl_005370,ICICR66985000324,394413.66,2026-07-28T11:30:00+05:30,pay_005366|pay_005368,,,INR
setl_007264,SBINR04069765442,262816.53,2026-07-13T11:30:00+05:30,pay_007260|pay_007262,,,INR
setl_001241,AXISP33517498935,7905.00,2026-07-14T11:30:00+05:30,pay_001239,,,INR
setl_003859,HDFCN14439000377,3483.11,2026-08-03T11:30:00+05:30,pay_003857,,,INR
setl_003920,HDFCN12083526968,2180.00,2026-07-22T11:30:00+05:30,pay_003918,,,INR
setl_005345,ICICR71847838726,618783.62,2026-07-13T11:30:00+05:30,pay_005339|pay_005341|pay_005343,,,INR
setl_001100,SBINR88508544622,814090.56,2026-07-21T11:30:00+05:30,pay_001098,,,INR
setl_005099,AXISP05323192672,3145.00,2026-11-09T11:30:00+05:30,pay_005097,,,INR
setl_005131,ICICR42023761739,8521.56,2026-08-03T11:30:00+05:30,pay_005127|pay_005129,,,INR
setl_004088,,5540.09,2026-07-29T11:30:00+05:30,pay_004086,,,INR
setl_007729,ICICR42426694350,784608.00,2026-07-28T11:30:00+05:30,pay_007727,,,INR
setl_004914,HDFCN84210084294,3425.00,2026-07-03T11:30:00+05:30,pay_004910|pay_004912,,,INR
setl_001482,SBINR25323854623,63854.00,2026-07-30T11:30:00+05:30,pay_001480,,,INR
setl_000068,,832278.00,2026-08-03T11:30:00+05:30,pay_000066,,,INR
setl_001070,,377.87,2026-07-14T11:30:00+05:30,pay_001068,,,INR
setl_001252,SBINR66297871604,432910.07,2026-07-28T11:30:00+05:30,pay_001245|pay_001247|pay_001249,,adj_001251,INR
setl_001566,,5136.00,2026-07-06T11:30:00+05:30,pay_001564,,,INR
setl_004352,AXISP57159692255,95536.02,2026-07-30T11:30:00+05:30,pay_004350,,,INR
setl_007739,,3425.21,2026-07-08T11:30:00+05:30,pay_007737,,,INR
setl_001834,,227736.48,2026-07-14T11:30:00+05:30,pay_001832,,,INR
setl_001553,AXISP58454494412,15165.08,2026-07-10T11:30:00+05:30,pay_001549|pay_001551,,,INR
setl_005490,AXISP03088601914,70590.00,2026-07-08T11:30:00+05:30,pay_005486|pay_005488,,,INR
setl_002783,SBINR40998253034,703687.57,2026-07-15T11:30:00+05:30,pay_002781,,,INR
setl_004094,AXISP60363891169,904.79,2026-07-06T11:30:00+05:30,pay_004092,,,INR
setl_002184,,1213.24,2026-07-21T11:30:00+05:30,pay_002182,,,INR
setl_000351,ICICR10908263161,59810.30,2026-07-15T11:30:00+05:30,pay_000349,,,INR
setl_007195,AXISP64201899554,3667.24,2026-08-04T11:30:00+05:30,pay_007191|pay_007193,,,INR
setl_001178,ICICR26604097373,4763.00,2026-07-07T11:30:00+05:30,pay_001176,,,INR
setl_004129,,275.34,2026-07-31T11:30:00+05:30,pay_004127,,,INR
setl_007056,HDFCN10482791921,1688.00,2026-11-09T11:30:00+05:30,pay_007054,,,INR
setl_006647,SBINR58946123166,529338.00,2026-07-14T11:30:00+05:30,pay_006641|pay_006643|pay_006645,,,INR
setl_000929,SBINR81405808965,199085.84,2026-07-20T11:30:00+05:30,pay_000922|pay_000924|pay_000926,,adj_000928,INR
setl_001404,AXISP73293471950,798.00,2026-07-14T11:30:00+05:30,pay_001402,,,INR
setl_000646,SBINR73073957618,110.33,2026-07-21T11:30:00+05:30,pay_000644,,,INR
setl_000711,HDFCN60761115240,9907.00,2026-07-15T11:30:00+05:30,pay_000709,,,INR
setl_003338,AXISP09016768934,97446.15,2026-07-23T11:30:00+05:30,pay_003336,,,INR
setl_004335,AXISP94640239511,62139.81,2026-08-03T11:30:00+05:30,pay_004329|pay_004331|pay_004333,,,INR
setl_003415,,22251.38,2026-07-17T11:30:00+05:30,pay_003413,,,INR
setl_001145,,90170.00,2026-07-22T11:30:00+05:30,pay_001141|pay_001143,,,INR
setl_001088,SBINR50947481613,15171.15,2026-07-31T11:30:00+05:30,pay_001086,,,INR
setl_004070,AXISP90483002470,1910.81,2026-07-24T11:30:00+05:30,pay_004068,,,INR
setl_005321,ICICR32684440005,3972.93,2026-07-29T11:30:00+05:30,pay_005315|pay_005317|pay_005319,,,INR
setl_006257,SBINR42249242410,4596.32,2026-07-13T11:30:00+05:30,pay_006255,,,INR
setl_002803,SBINR57405844172,65237.74,2026-11-09T11:30:00+05:30,pay_002801,,,INR
setl_004358,SBINR17795852471,27363.00,2026-07-31T11:30:00+05:30,pay_004356,,,INR
setl_007786,,8816.89,2026-07-30T11:30:00+05:30,pay_007784,,,INR
setl_001414,ICICR95066492459,510484.65,2026-07-03T11:30:00+05:30,pay_001408|pay_001410|pay_001412,,,INR
setl_007836,AXISP82448143098,9698.00,2026-07-21T11:30:00+05:30,pay_007834,,,INR
setl_006138,ICICR98234335499,9540.20,2026-07-31T11:30:00+05:30,pay_006136,,,INR
setl_006619,ICICR57973901429,3733.97,2026-07-29T11:30:00+05:30,pay_006617,,,INR
setl_000193,ICICR73438919214,1931.71,2026-07-09T11:30:00+05:30,pay_000189|pay_000191,,,INR
setl_002717,,162.00,2026-07-28T11:30:00+05:30,pay_002715,,,INR
setl_001440,ICICR27350088347,1621.00,2026-07-23T11:30:00+05:30,pay_001438,,,INR
setl_003980,AXISP05378089310,303.00,2026-07-07T11:30:00+05:30,pay_003978,,,INR
setl_007571,,845.99,2026-07-15T11:30:00+05:30,pay_007569,,,INR
setl_006497,,22982.00,2026-08-03T11:30:00+05:30,pay_006493|pay_006495,,,INR
setl_005926,AXISP66111125342,181702.85,2026-07-14T11:30:00+05:30,pay_005924,,,INR
setl_005868,ICICR54815459580,118997.70,2026-08-03T11:30:00+05:30,pay_005864|pay_005866,,,INR
setl_004416,HDFCN59833598536,800763.14,2026-07-31T11:30:00+05:30,pay_004412|pay_004414,,,INR
setl_003545,HDFCN70327424698,33837.14,2026-11-09T11:30:00+05:30,pay_003543,,,INR
setl_007295,SBINR29163255582,164.00,2026-07-13T11:30:00+05:30,pay_007293,,,INR
setl_002240,AXISP40444170600,23514.06,2026-07-09T11:30:00+05:30,pay_002233|pay_002235|pay_002237,,adj_002239,INR
setl_001531,AXISP70476354754,807081.65,2026-07-16T11:30:00+05:30,pay_001524|pay_001526|pay_001528,rfnd_001530,,INR
setl_004141,,6473.23,2026-07-31T11:30:00+05:30,pay_004139,,,INR
setl_005551,AXISP56005570750,799.00,2026-07-14T11:30:00+05:30,pay_005549,,,INR
setl_003571,HDFCN37091372541,629064.91,2026-07-30T11:30:00+05:30,pay_003567|pay_003569,,,INR
setl_004234,,5294.00,2026-07-03T11:30:00+05:30,pay_004232,,,INR
setl_001163,ICICR11865567114,21630.81,2026-07-07T11:30:00+05:30,pay_001161,,,INR
setl_004076,SBINR46570476008,6443.26,2026-07-21T11:30:00+05:30,pay_004074,,,INR
setl_000458,SBINR98471216479,12459.58,2026-07-24T11:30:00+05:30,pay_000454|pay_000456,,,INR
setl_007024,,41202.42,2026-07-15T11:30:00+05:30,pay_007022,,,INR
setl_000200,AXISP01546361407,868452.04,2026-07-07T11:30:00+05:30,pay_000198,,,INR
setl_007462,AXISP05907138545,6048.14,2026-07-31T11:30:00+05:30,pay_007456|pay_007458|pay_007460,,,INR
setl_003505,,4564.26,2026-07-24T11:30:00+05:30,pay_003501|pay_003503,,,INR
setl_005216,SBINR22011597272,106423.91,2026-07-14T11:30:00+05:30,pay_005214,,,INR
setl_003754,,619.06,2026-07-07T11:30:00+05:30,pay_003752,,,INR
setl_002530,,5262.51,2026-07-13T11:30:00+05:30,pay_002528,,,INR
setl_002925,ICICR16785989145,1545711.15,2026-08-03T11:30:00+05:30,pay_002919|pay_002921|pay_002923,,,INR
setl_004293,SBINR60901509928,540.00,2026-07-13T11:30:00+05:30,pay_004291,,,INR
setl_006282,,477.06,2026-07-03T11:30:00+05:30,pay_006280,,,INR
setl_000441,ICICR80521576236,105.45,2026-07-07T11:30:00+05:30,pay_000439,,,INR
setl_006992,ICICR88556078083,5346.00,2026-07-17T11:30:00+05:30,pay_006990,,,INR
setl_005526,SBINR43228913149,293.90,2026-07-29T11:30:00+05:30,pay_005524,,,INR
setl_004736,HDFCN21209513609,138407.78,2026-07-10T11:30:00+05:30,pay_004729|pay_004731|pay_004733,rfnd_004735,,INR
setl_006004,AXISP07389449039,2510.43,2026-07-15T11:30:00+05:30,pay_006002,,,INR
setl_007014,SBINR56188269041,63532.45,2026-08-04T11:30:00+05:30,pay_007012,,,INR
setl_005042,,71031.00,2026-07-15T11:30:00+05:30,pay_005040,,,INR
setl_005138,ICICR01018200414,507609.00,2026-07-31T11:30:00+05:30,pay_005136,,,INR
setl_004791,,68976.09,2026-07-28T11:30:00+05:30,pay_004789,,,INR
setl_003967,,8738.78,2026-07-28T11:30:00+05:30,pay_003965,,,INR
setl_000434,AXISP91250180990,12901.53,2026-07-28T11:30:00+05:30,pay_000428|pay_000430|pay_000432,,,INR
setl_001106,AXISP63256075323,284.65,2026-07-24T11:30:00+05:30,pay_001104,,,INR
setl_006595,AXISP50042002541,24429.53,2026-07-15T11:30:00+05:30,pay_006593,,,INR
setl_006294,SBINR90901047353,349.00,2026-08-04T11:30:00+05:30,pay_006292,,,INR
setl_000717,,6723.49,2026-07-10T11:30:00+05:30,pay_000715,,,INR
setl_007810,AXISP00267095626,83956.00,2026-07-28T11:30:00+05:30,pay_007808,,,INR
setl_002453,HDFCN43777965002,61986.76,2026-07-08T11:30:00+05:30,pay_002449|pay_002451,,,INR
setl_001094,ICICR94444248212,21371.75,2026-07-23T11:30:00+05:30,pay_001092,,,INR
setl_002420,AXISP94540056434,54147.00,2026-07-23T11:30:00+05:30,pay_002418,,,INR
setl_001663,HDFCN46115416285,101877.09,2026-07-22T11:30:00+05:30,pay_001661,,,INR
setl_002445,SBINR07722221358,933.62,2026-07-17T11:30:00+05:30,pay_002443,,,INR
setl_002079,SBINR73651974222,30210.00,2026-07-10T11:30:00+05:30,pay_002077,,,INR
setl_001342,SBINR30322097750,5235.22,2026-07-30T11:30:00+05:30,pay_001338|pay_001340,,,INR
setl_003371,,79034.65,2026-07-17T11:30:00+05:30,pay_003367|pay_003369,,,INR
setl_002437,ICICR08599009232,333.93,2026-07-28T11:30:00+05:30,pay_002435,,,INR
setl_006031,ICICR70688854715,5036.00,2026-07-08T11:30:00+05:30,pay_006029,,,INR
setl_007674,AXISP35460033103,882.81,2026-07-03T11:30:00+05:30,pay_007672,,,INR
setl_006912,AXISP13492344509,472102.51,2026-08-03T11:30:00+05:30,pay_006908|pay_006910,,,INR
setl_006263,SBINR78613193440,4564.00,2026-07-17T11:30:00+05:30,pay_006261,,,INR
setl_002412,AXISP60784076290,18635.83,2026-07-09T11:30:00+05:30,pay_002406|pay_002408|pay_002410,,,INR
setl_003390,SBINR91356078344,918.00,2026-07-29T11:30:00+05:30,pay_003388,,,INR
setl_003973,,7476.00,2026-07-28T11:30:00+05:30,pay_003969|pay_003971,,,INR
setl_007530,AXISP59175817357,2063.77,2026-07-31T11:30:00+05:30,pay_007526|pay_007528,,,INR
setl_000154,AXISP32473055984,167.21,2026-07-22T11:30:00+05:30,pay_000152,,,INR
setl_001732,SBINR53010147302,640.31,2026-07-13T11:30:00+05:30,pay_001730,,,INR
setl_006521,ICICR27631933988,4622.00,2026-07-10T11:30:00+05:30,pay_006514|pay_006516|pay_006518,,adj_006520,INR
setl_007245,,1091.96,2026-08-04T11:30:00+05:30,pay_007243,,,INR
setl_007118,SBINR86250658070,61511.30,2026-07-28T11:30:00+05:30,pay_007114|pay_007116,,,INR
setl_006016,ICICR62710277461,86854.71,2026-07-09T11:30:00+05:30,pay_006014,,,INR
setl_004603,HDFCN40250331845,5577.14,2026-07-21T11:30:00+05:30,pay_004601,,,INR
setl_002947,ICICR73007674592,78490.00,2026-07-14T11:30:00+05:30,pay_002943|pay_002945,,,INR
setl_004174,ICICR26650376350,98882.22,2026-07-28T11:30:00+05:30,pay_004168|pay_004170|pay_004172,,,INR
setl_000316,SBINR86049866402,11427.51,2026-08-03T11:30:00+05:30,pay_000312|pay_000314,,,INR
setl_004223,SBINR55716435293,4092.99,2026-07-09T11:30:00+05:30,pay_004219|pay_004221,,,INR
setl_000420,,1062.32,2026-07-21T11:30:00+05:30,pay_000418,,,INR
setl_003193,AXISP36336814850,9806.73,2026-07-28T11:30:00+05:30,pay_003191,,,INR
setl_002283,AXISP36724845992,1615.43,2026-07-10T11:30:00+05:30,pay_002279|pay_002281,,,INR
setl_005198,AXISP21582174262,273.00,2026-07-23T11:30:00+05:30,pay_005196,,,INR
setl_003087,,20287.64,2026-07-14T11:30:00+05:30,pay_003085,,,INR
setl_005151,,908.00,2026-07-24T11:30:00+05:30,pay_005149,,,INR
setl_004959,SBINR48018981082,897.00,2026-07-30T11:30:00+05:30,pay_004957,,,INR
setl_001319,ICICR04935985343,273129.56,2026-07-13T11:30:00+05:30,pay_001315|pay_001317,,,INR
setl_007272,SBINR17161445114,629.00,2026-07-09T11:30:00+05:30,pay_007270,,,INR
setl_005697,SBINR08928682421,166736.90,2026-07-27T11:30:00+05:30,pay_005693|pay_005695,,,INR
setl_000593,,30730.25,2026-07-07T11:30:00+05:30,pay_000591,,,INR
setl_006413,HDFCN69376402895,339970.88,2026-07-30T11:30:00+05:30,pay_006409|pay_006411,,,INR
setl_007818,AXISP35262679514,230498.54,2026-07-17T11:30:00+05:30,pay_007814|pay_007816,,,INR
setl_002820,SBINR26256199195,9014.39,2026-07-30T11:30:00+05:30,pay_002813|pay_002815|pay_002817,rfnd_002819,,INR
setl_007662,,2804.22,2026-07-30T11:30:00+05:30,pay_007660,,,INR
setl_003846,SBINR08751584878,6946.68,2026-07-24T11:30:00+05:30,pay_003842|pay_003844,,,INR
setl_005907,AXISP83522327600,5312.98,2026-07-08T11:30:00+05:30,pay_005903|pay_005905,,,INR
setl_002572,,8961.00,2026-07-21T11:30:00+05:30,pay_002570,,,INR
setl_006574,AXISP66917665627,9576.00,2026-08-03T11:30:00+05:30,pay_006572,,,INR
setl_002797,ICICR89695878855,9010.22,2026-07-31T11:30:00+05:30,pay_002795,,,INR
setl_003246,SBINR43686699953,22060.00,2026-08-03T11:30:00+05:30,pay_003244,,,INR
setl_005997,SBINR28192191437,92345.44,2026-08-04T11:30:00+05:30,pay_005993|pay_005995,,,INR
setl_002534,,9419.89,2026-07-13T11:30:00+05:30,pay_002532,,,INR
setl_006607,HDFCN84706326282,89590.34,2026-07-13T11:30:00+05:30,pay_006605,,,INR
setl_000522,HDFCN55508580277,104080.65,2026-07-24T11:30:00+05:30,pay_000516|pay_000518|pay_000520,,,INR
setl_005647,ICICR31412824894,702.23,2026-07-31T11:30:00+05:30,pay_005645,,,INR
setl_004879,HDFCN36967518616,697729.00,2026-07-14T11:30:00+05:30,pay_004877,,,INR
setl_005001,ICICR34161231058,4978.00,2026-07-07T11:30:00+05:30,pay_004999,,,INR
setl_004846,AXISP54208346365,666864.09,2026-07-07T11:30:00+05:30,pay_004840|pay_004842|pay_004844,,,INR
setl_005469,ICICR89223110909,9979.56,2026-07-08T11:30:00+05:30,pay_005465|pay_005467,,,INR
setl_006637,,1668.67,2026-07-23T11:30:00+05:30,pay_006635,,,INR
setl_003311,SBINR24542161437,669296.13,2026-07-29T11:30:00+05:30,pay_003304|pay_003306|pay_003308,rfnd_003310,,INR
setl_004552,ICICR67349132513,63389.12,2026-07-29T11:30:00+05:30,pay_004548|pay_004550,,,INR
setl_004946,AXISP43246221271,7645.98,2026-07-07T11:30:00+05:30,pay_004942|pay_004944,,,INR
setl_006558,ICICR70564954416,2901.36,2026-07-24T11:30:00+05:30,pay_006554|pay_006556,,,INR
setl_004062,AXISP41281455460,333097.84,2026-07-13T11:30:00+05:30,pay_004058|pay_004060,,,INR
setl_003664,SBINR53838814834,57889.35,2026-07-13T11:30:00+05:30,pay_003662,,,INR
setl_006898,HDFCN29686362343,2798.36,2026-11-09T11:30:00+05:30,pay_006896,,,INR
setl_005034,,55743.56,2026-07-15T11:30:00+05:30,pay_005032,,,INR
setl_002188,,6306.31,2026-07-21T11:30:00+05:30,pay_002186,,,INR
setl_007782,,7279.00,2026-07-30T11:30:00+05:30,pay_007780,,,INR
setl_005175,HDFCN50068527740,498.57,2026-07-09T11:30:00+05:30,pay_005173,,,INR
setl_004137,,4882.00,2026-07-31T11:30:00+05:30,pay_004135,,,INR
setl_003148,SBINR92479626477,398.37,2026-11-09T11:30:00+05:30,pay_003146,,,INR
setl_000095,ICICR85872601135,6681.00,2026-07-24T11:30:00+05:30,pay_000093,,,INR
setl_007034,SBINR15627083876,66206.21,2026-07-28T11:30:00+05:30,pay_007028|pay_007030|pay_007032,,,INR
setl_005105,HDFCN34883914783,398.37,2026-07-15T11:30:00+05:30,pay_005103,,,INR
setl_005421,HDFCN78203379780,205552.76,2026-07-06T11:30:00+05:30,pay_005417|pay_005419,,,INR
setl_004544,AXISP41723945312,1949.75,2026-07-17T11:30:00+05:30,pay_004542,,,INR
setl_007587,HDFCN64874586579,865.00,2026-08-04T11:30:00+05:30,pay_007585,,,INR
setl_004803,,1272.96,2026-07-28T11:30:00+05:30,pay_004801,,,INR
setl_007354,SBINR19023523420,115930.72,2026-07-24T11:30:00+05:30,pay_007350|pay_007352,,,INR
setl_007774,,16349.00,2026-07-30T11:30:00+05:30,pay_007772,,,INR
setl_003480,ICICR29606052320,27126.00,2026-07-21T11:30:00+05:30,pay_003478,,,INR
setl_003707,,33285.93,2026-07-07T11:30:00+05:30,pay_003703|pay_003705,,,INR
setl_000217,,1198.04,2026-07-07T11:30:00+05:30,pay_000215,,,INR
setl_006277,,4337.62,2026-07-03T11:30:00+05:30,pay_006273|pay_006275,,,INR
setl_006207,AXISP46571450794,2102.15,2026-07-08T11:30:00+05:30,pay_006201|pay_006203|pay_006205,,,INR
setl_001997,HDFCN67429963804,112887.83,2026-07-28T11:30:00+05:30,pay_001995,,,INR
setl_004403,HDFCN05727316015,199.19,2026-11-09T11:30:00+05:30,pay_004401,,,INR
setl_003723,,783.00,2026-07-07T11:30:00+05:30,pay_003721,,,INR
setl_005665,HDFCN31431405932,47116.18,2026-07-03T11:30:00+05:30,pay_005663,,,INR
setl_004977,ICICR46077909424,7833.66,2026-07-24T11:30:00+05:30,pay_004975,,,INR
setl_001608,ICICR92581376472,540292.92,2026-07-09T11:30:00+05:30,pay_001602|pay_001604|pay_001606,,,INR
setl_007680,HDFCN68214126055,3379.00,2026-07-27T11:30:00+05:30,pay_007678,,,INR
setl_006318,ICICR11860011744,750.00,2026-07-13T11:30:00+05:30,pay_006316,,,INR
setl_006229,ICICR66040343314,1431.19,2026-08-04T11:30:00+05:30,pay_006225|pay_006227,,,INR
setl_005826,,725361.00,2026-07-31T11:30:00+05:30,pay_005824,,,INR
setl_001709,AXISP06231187058,6015.00,2026-07-14T11:30:00+05:30,pay_001707,,,INR
setl_006930,SBINR68751395195,56792.25,2026-07-23T11:30:00+05:30,pay_006926|pay_006928,,,INR
setl_003580,ICICR52248377559,38356.63,2026-07-23T11:30:00+05:30,pay_003576|pay_003578,,,INR
setl_006890,HDFCN06301405914,316176.06,2026-07-24T11:30:00+05:30,pay_006886|pay_006888,,,INR
setl_003994,SBINR19787581635,520904.70,2026-07-22T11:30:00+05:30,pay_003990|pay_003992,,,INR
setl_000656,,700.67,2026-07-31T11:30:00+05:30,pay_000654,,,INR
setl_004117,,151142.12,2026-07-13T11:30:00+05:30,pay_004113|pay_004115,,,INR
setl_006346,,587.26,2026-08-03T11:30:00+05:30,pay_006342|pay_006344,,,INR
setl_007856,ICICR62726961446,10071.12,2026-07-22T11:30:00+05:30,pay_007852|pay_007854,,,INR
setl_002681,,734.25,2026-07-06T11:30:00+05:30,pay_002679,,,INR
setl_002353,ICICR68037991177,4404.96,2026-07-23T11:30:00+05:30,pay_002349|pay_002351,,,INR
setl_002364,AXISP54527802714,62972.24,2026-07-24T11:30:00+05:30,pay_002358|pay_002360|pay_002362,,,INR
setl_002544,ICICR55346513243,58837.88,2026-07-06T11:30:00+05:30,pay_002538|pay_002540|pay_002542,,,INR
setl_001296,,601.00,2026-07-07T11:30:00+05:30,pay_001294,,,INR
setl_003041,,8268.21,2026-07-28T11:30:00+05:30,pay_003037|pay_003039,,,INR
setl_002497,ICICR95008064400,667789.00,2026-07-09T11:30:00+05:30,pay_002495,,,INR
setl_007848,AXISP81091432220,4171.00,2026-07-14T11:30:00+05:30,pay_007846,,,INR
setl_003963,,789658.00,2026-07-28T11:30:00+05:30,pay_003961,,,INR
setl_001635,HDFCN30199624973,30165.00,2026-07-20T11:30:00+05:30,pay_001631|pay_001633,,,INR
setl_004455,AXISP58877725034,368740.77,2026-07-27T11:30:00+05:30,pay_004448|pay_004450|pay_004452,,adj_004454,INR
setl_002721,,1897.00,2026-07-28T11:30:00+05:30,pay_002719,,,INR
setl_006102,AXISP66732470224,765204.64,2026-07-30T11:30:00+05:30,pay_006100,,,INR
setl_001589,HDFCN55264613518,5186.35,2026-07-31T11:30:00+05:30,pay_001587,,,INR
setl_002045,,54754.49,2026-07-29T11:30:00+05:30,pay_002043,,,INR
setl_001186,ICICR65129150187,5755.34,2026-07-13T11:30:00+05:30,pay_001182|pay_001184,,,INR
setl_002620,,4317.83,2026-07-10T11:30:00+05:30,pay_002616|pay_002618,,,INR
setl_002380,HDFCN02019362633,230901.87,2026-07-13T11:30:00+05:30,pay_002376|pay_002378,,,INR
setl_006444,ICICR97814777734,43272.21,2026-07-03T11:30:00+05:30,pay_006438|pay_006440|pay_006442,,,INR
setl_002830,SBINR12786528505,915.04,2026-07-27T11:30:00+05:30,pay_002826|pay_002828,,,INR
setl_007419,AXISP86793302608,379.82,2026-07-31T11:30:00+05:30,pay_007417,,,INR
setl_003252,AXISP70777458511,282500.00,2026-07-17T11:30:00+05:30,pay_003250,,,INR
setl_003912,HDFCN42627016447,817664.55,2026-07-07T11:30:00+05:30,pay_003906|pay_003908|pay_003910,,,INR
setl_005680,HDFCN54269643045,6176.71,2026-07-13T11:30:00+05:30,pay_005678,,,INR
setl_002988,SBINR58287646725,638.00,2026-07-06T11:30:00+05:30,pay_002986,,,INR
setl_007637,ICICR21494898731,19413.00,2026-07-29T11:30:00+05:30,pay_007633|pay_007635,,,INR
setl_003950,ICICR58753948437,79372.53,2026-07-21T11:30:00+05:30,pay_003946|pay_003948,,,INR
setl_006381,AXISP20499049370,10298.84,2026-07-13T11:30:00+05:30,pay_006377|pay_006379,,,INR
setl_001545,SBINR98637586417,6160.71,2026-07-03T11:30:00+05:30,pay_001543,,,INR
setl_007303,AXISP33384058971,18898.62,2026-07-21T11:30:00+05:30,pay_007299|pay_007301,,,INR
setl_000022,SBINR22440403621,5848.86,2026-08-03T11:30:00+05:30,pay_000020,,,INR
setl_000307,SBINR51727509375,8562.08,2026-07-10T11:30:00+05:30,pay_000303|pay_000305,,,INR
setl_002432,HDFCN77471517877,693.11,2026-07-29T11:30:00+05:30,pay_002430,,,INR
setl_007715,HDFCN65934247782,1559.92,2026-07-29T11:30:00+05:30,pay_007708|pay_007710|pay_007712,rfnd_007714,,INR
setl_002896,SBINR74134346188,400217.32,2026-07-03T11:30:00+05:30,pay_002889|pay_002891|pay_002893,rfnd_002895,,INR
setl_005281,,63766.70,2026-07-31T11:30:00+05:30,pay_005277|pay_005279,,,INR
setl_005781,ICICR95645460625,3041.00,2026-07-07T11:30:00+05:30,pay_005779,,,INR
setl_000562,SBINR75295272430,83549.37,2026-07-07T11:30:00+05:30,pay_000558|pay_000560,,,INR
setl_000993,ICICR44105543224,12655.76,2026-07-22T11:30:00+05:30,pay_000987|pay_000989|pay_000991,,,INR
setl_002885,HDFCN71522902309,476294.75,2026-07-24T11:30:00+05:30,pay_002883,,,INR
setl_003000,HDFCN79226041195,35626.59,2026-07-20T11:30:00+05:30,pay_002998,,,INR
setl_006310,SBINR63374149439,10426.85,2026-07-13T11:30:00+05:30,pay_006304|pay_006306|pay_006308,,,INR
setl_007804,SBINR65975407372,12121.88,2026-08-04T11:30:00+05:30,pay_007802,,,INR
setl_002426,ICICR97850902763,1666.34,2026-07-06T11:30:00+05:30,pay_002424,,,INR
setl_004409,HDFCN63404932604,899.26,2026-07-09T11:30:00+05:30,pay_004407,,,INR
setl_004230,,61807.10,2026-07-03T11:30:00+05:30,pay_004228,,,INR
setl_003230,AXISP09453668507,1393.81,2026-07-21T11:30:00+05:30,pay_003226|pay_003228,,,INR
setl_001679,ICICR75535745453,245877.58,2026-07-03T11:30:00+05:30,pay_001675|pay_001677,,,INR
setl_002587,,49271.00,2026-07-21T11:30:00+05:30,pay_002585,,,INR
setl_007515,ICICR30013459011,788036.17,2026-07-06T11:30:00+05:30,pay_007511|pay_007513,,,INR
setl_002318,AXISP04668735609,784.28,2026-07-27T11:30:00+05:30,pay_002316,,,INR
setl_007231,HDFCN76948861875,770157.04,2026-07-22T11:30:00+05:30,pay_007224|pay_007226|pay_007228,rfnd_007230,,INR
setl_000899,SBINR60844031678,31771.60,2026-07-07T11:30:00+05:30,pay_000895|pay_000897,,,INR
setl_004815,AXISP12976206063,966.00,2026-07-23T11:30:00+05:30,pay_004813,,,INR
setl_002290,HDFCN94857862422,8902.39,2026-07-20T11:30:00+05:30,pay_002288,,,INR
setl_000723,,7240.01,2026-07-10T11:30:00+05:30,pay_000719|pay_000721,,,INR
setl_007288,ICICR64824069117,6889.00,2026-07-15T11:30:00+05:30,pay_007284|pay_007286,,,INR
setl_004312,SBINR00907188709,5831.48,2026-07-27T11:30:00+05:30,pay_004308|pay_004310,,,INR
setl_004888,HDFCN29628394663,115.22,2026-07-14T11:30:00+05:30,pay_004886,,,INR
setl_002017,ICICR81633069419,407119.98,2026-07-08T11:30:00+05:30,pay_002013|pay_002015,,,INR
setl_006904,AXISP43081332232,17745.00,2026-07-27T11:30:00+05:30,pay_006902,,,INR
setl_004580,,70301.78,2026-07-06T11:30:00+05:30,pay_004578,,,INR
setl_002647,HDFCN70765836290,499289.51,2026-07-22T11:30:00+05:30,pay_002643|pay_002645,,,INR
setl_006362,AXISP82742114059,115055.68,2026-08-03T11:30:00+05:30,pay_006360,,,INR
setl_005791,ICICR84003903936,83485.56,2026-07-17T11:30:00+05:30,pay_005785|pay_005787|pay_005789,,,INR
setl_005893,AXISP26602249855,973.39,2026-07-06T11:30:00+05:30,pay_005891,,,INR
setl_006175,SBINR85634073353,8083.23,2026-11-09T11:30:00+05:30,pay_006173,,,INR
setl_002668,AXISP66722560315,27477.91,2026-07-21T11:30:00+05:30,pay_002664|pay_002666,,,INR
setl_003498,,59812.00,2026-07-24T11:30:00+05:30,pay_003494|pay_003496,,,INR
setl_005146,,37336.00,2026-07-24T11:30:00+05:30,pay_005142|pay_005144,,,INR
setl_002582,,1059.32,2026-07-21T11:30:00+05:30,pay_002578|pay_002580,,,INR
setl_004565,,6858.23,2026-07-06T11:30:00+05:30,pay_004563,,,INR
setl_005686,ICICR81442693843,54740.00,2026-07-24T11:30:00+05:30,pay_005684,,,INR
setl_000411,,609069.03,2026-07-21T11:30:00+05:30,pay_000407|pay_000409,,,INR
setl_001264,,2593.32,2026-07-15T11:30:00+05:30,pay_001262,,,INR
setl_003115,ICICR40314768172,139722.67,2026-07-15T11:30:00+05:30,pay_003113,,,INR
setl_004395,SBINR01861552847,10854.73,2026-07-14T11:30:00+05:30,pay_004389|pay_004391|pay_004393,,,INR
setl_006241,HDFCN00449486622,382735.56,2026-07-21T11:30:00+05:30,pay_006234|pay_006236|pay_006238,rfnd_006240,,INR
setl_001424,ICICR49693102701,10338.35,2026-07-28T11:30:00+05:30,pay_001420|pay_001422,,,INR
setl_007644,SBINR86483749672,76238.60,2026-07-03T11:30:00+05:30,pay_007642,,,INR
setl_005600,,1982.60,2026-07-07T11:30:00+05:30,pay_005598,,,INR
setl_005545,SBINR15058175880,1266.00,2026-07-06T11:30:00+05:30,pay_005543,,,INR
setl_006784,AXISP02395391011,9709.91,2026-07-15T11:30:00+05:30,pay_006780|pay_006782,,,INR
setl_001960,,15107.77,2026-07-31T11:30:00+05:30,pay_001958,,,INR
setl_005920,ICICR71143579968,5233.50,2026-07-09T11:30:00+05:30,pay_005918,,,INR
setl_001758,,5036.27,2026-07-28T11:30:00+05:30,pay_001756,,,INR
setl_000854,HDFCN30089578589,6257.00,2026-07-07T11:30:00+05:30,pay_000852,,,INR
setl_006948,AXISP80362875241,9756.98,2026-07-07T11:30:00+05:30,pay_006941|pay_006943|pay_006945,rfnd_006947,,INR
setl_005853,HDFCN22156625861,1797.41,2026-07-20T11:30:00+05:30,pay_005849|pay_005851,,,INR
setl_007480,HDFCN19502369671,41593.01,2026-07-16T11:30:00+05:30,pay_007474|pay_007476|pay_007478,,,INR
setl_004929,SBINR71922401913,88121.00,2026-07-27T11:30:00+05:30,pay_004927,,,INR
setl_000125,,4259.32,2026-07-14T11:30:00+05:30,pay_000121|pay_000123,,,INR
setl_001171,SBINR19590286617,575182.22,2026-07-23T11:30:00+05:30,pay_001167|pay_001169,,,INR
setl_005899,HDFCN18810309607,15159.00,2026-07-31T11:30:00+05:30,pay_005897,,,INR
setl_004480,,626.00,2026-07-14T11:30:00+05:30,pay_004478,,,INR
setl_006968,ICICR01731056761,658.88,2026-07-30T11:30:00+05:30,pay_006966,,,INR
setl_005724,HDFCN49173176919,978670.00,2026-07-28T11:30:00+05:30,pay_005720|pay_005722,,,INR
setl_000298,AXISP98921817815,850541.52,2026-07-22T11:30:00+05:30,pay_000294|pay_000296,,,INR
setl_003053,,230.90,2026-07-28T11:30:00+05:30,pay_003051,,,INR
setl_005951,SBINR51199102240,1434.56,2026-07-16T11:30:00+05:30,pay_005945|pay_005947|pay_005949,,,INR
setl_001062,,7382.00,2026-07-14T11:30:00+05:30,pay_001060,,,INR
setl_005503,ICICR86708675866,6082.00,2026-07-10T11:30:00+05:30,pay_005501,,,INR
setl_004724,AXISP50517984476,558752.71,2026-07-20T11:30:00+05:30,pay_004720|pay_004722,,,INR
setl_005274,,10116.91,2026-07-31T11:30:00+05:30,pay_005270|pay_005272,,,INR
setl_000089,ICICR09575074047,673500.79,2026-07-16T11:30:00+05:30,pay_000087,,,INR
setl_007593,SBINR53738365209,735.14,2026-07-21T11:30:00+05:30,pay_007591,,,INR
setl_006849,AXISP64430953453,930.00,2026-07-27T11:30:00+05:30,pay_006847,,,INR
setl_006631,AXISP04094478556,677.62,2026-07-29T11:30:00+05:30,pay_006629,,,INR
setl_001822,ICICR20834955145,55940.93,2026-07-08T11:30:00+05:30,pay_001815|pay_001817|pay_001819,rfnd_001821,,INR
setl_007249,,76771.40,2026-08-04T11:30:00+05:30,pay_007247,,,INR
setl_003474,SBINR55687439616,308.54,2026-07-16T11:30:00+05:30,pay_003472,,,INR
setl_001934,SBINR53895383035,240248.62,2026-07-03T11:30:00+05:30,pay_001927|pay_001929|pay_001931,,adj_001933,INR
setl_000101,HDFCN07013160948,4832.20,2026-08-03T11:30:00+05:30,pay_000099,,,INR
setl_003468,ICICR67833219338,784.28,2026-07-14T11:30:00+05:30,pay_003466,,,INR
setl_005078,ICICR15149799193,9045.99,2026-07-03T11:30:00+05:30,pay_005071|pay_005073|pay_005075,rfnd_005077,,INR
setl_007745,,8620.46,2026-07-08T11:30:00+05:30,pay_007741|pay_007743,,,INR
setl_000652,,38996.00,2026-07-31T11:30:00+05:30,pay_000650,,,INR
setl_007400,ICICR52814897303,32461.80,2026-08-04T11:30:00+05:30,pay_007396|pay_007398,,,INR
setl_000813,,661.83,2026-07-14T11:30:00+05:30,pay_000811,,,INR
setl_007656,ICICR28907058476,493339.00,2026-07-16T11:30:00+05:30,pay_007654,,,INR
setl_006811,,432.00,2026-08-03T11:30:00+05:30,pay_006809,,,INR
setl_003656,ICICR59950624403,869433.00,2026-07-24T11:30:00+05:30,pay_003650|pay_003652|pay_003654,,,INR
setl_003779,ICICR62494651354,830833.14,2026-07-08T11:30:00+05:30,pay_003773|pay_003775|pay_003777,,,INR
setl_005965,SBINR34487535090,65346.00,2026-07-21T11:30:00+05:30,pay_005963,,,INR
setl_002904,ICICR96525511467,2923.61,2026-07-06T11:30:00+05:30,pay_002902,,,INR
setl_006324,,2878.43,2026-08-03T11:30:00+05:30,pay_006322,,,INR
setl_000553,AXISP46542572034,1570.00,2026-07-14T11:30:00+05:30,pay_000549|pay_000551,,,INR
setl_002939,ICICR79466879713,91930.00,2026-07-29T11:30:00+05:30,pay_002937,,,INR
setl_001942,HDFCN32263437874,1420.26,2026-07-30T11:30:00+05:30,pay_001940,,,INR
setl_001082,AXISP15234747249,527.26,2026-07-28T11:30:00+05:30,pay_001080,,,INR
setl_004532,HDFCN92234393677,238.00,2026-07-21T11:30:00+05:30,pay_004530,,,INR
setl_004111,,7291.00,2026-07-13T11:30:00+05:30,pay_004109,,,INR
setl_007204,AXISP39990200062,51263.26,2026-07-09T11:30:00+05:30,pay_007200|pay_007202,,,INR
setl_004783,,330.00,2026-07-28T11:30:00+05:30,pay_004781,,,INR
setl_002134,,3069.80,2026-07-28T11:30:00+05:30,pay_002132,,,INR
setl_002388,ICICR84734104931,81684.65,2026-07-20T11:30:00+05:30,pay_002386,,,INR
setl_005537,SBINR48980920638,199198.80,2026-07-21T11:30:00+05:30,pay_005530|pay_005532|pay_005534,rfnd_005536,,INR
setl_004046,ICICR66904374266,32698.18,2026-07-14T11:30:00+05:30,pay_004039|pay_004041|pay_004043,rfnd_004045,,INR
setl_006198,ICICR72060091403,4106.18,2026-08-03T11:30:00+05:30,pay_006196,,,INR
setl_006108,SBINR04271941315,7733.00,2026-07-09T11:30:00+05:30,pay_006106,,,INR
setl_006707,ICICR97083019747,45352.80,2026-07-23T11:30:00+05:30,pay_006703|pay_006705,,,INR
setl_004024,AXISP27350683939,67876.51,2026-07-30T11:30:00+05:30,pay_004018|pay_004020|pay_004022,,,INR
setl_001076,HDFCN62507558475,120048.20,2026-07-28T11:30:00+05:30,pay_001074,,,INR
setl_007617,ICICR29505881119,187850.62,2026-07-16T11:30:00+05:30,pay_007615,,,INR
setl_003376,,254.00,2026-07-17T11:30:00+05:30,pay_003374,,,INR
setl_003384,,6819.60,2026-07-17T11:30:00+05:30,pay_003382,,,INR
setl_005413,,11075.31,2026-07-09T11:30:00+05:30,pay_005411,,,INR
setl_004538,ICICR89634066792,787105.00,2026-07-21T11:30:00+05:30,pay_004536,,,INR
setl_007470,AXISP96560297613,26872.17,2026-07-17T11:30:00+05:30,pay_007468,,,INR
setl_001464,SBINR81504676767,152451.16,2026-07-06T11:30:00+05:30,pay_001457|pay_001459|pay_001461,rfnd_001463,,INR
setl_005914,HDFCN45806685158,2503.00,2026-07-28T11:30:00+05:30,pay_005912,,,INR
setl_006726,,719863.00,2026-07-21T11:30:00+05:30,pay_006722|pay_006724,,,INR
setl_004266,,386792.23,2026-07-17T11:30:00+05:30,pay_004264,,,INR
setl_007239,SBINR67563947902,163642.50,2026-08-03T11:30:00+05:30,pay_007237,,,INR
setl_003154,AXISP06514105585,814.32,2026-08-04T11:30:00+05:30,pay_003152,,,INR
setl_000481,SBINR31828147669,513.11,2026-07-27T11:30:00+05:30,pay_000477|pay_000479,,,INR
setl_000759,HDFCN08586752967,1335555.79,2026-07-03T11:30:00+05:30,pay_000753|pay_000755|pay_000757,,,INR
setl_006456,AXISP33963974128,14546.04,2026-07-28T11:30:00+05:30,pay_006450|pay_006452|pay_006454,,,INR
setl_007371,,48798.84,2026-07-16T11:30:00+05:30,pay_007369,,,INR
setl_004463,SBINR27849942993,769.00,2026-07-30T11:30:00+05:30,pay_004461,,,INR
setl_003016,,1610.45,2026-07-24T11:30:00+05:30,pay_003012|pay_003014,,,INR
setl_005329,ICICR07450550945,3892.00,2026-07-21T11:30:00+05:30,pay_005327,,,INR
setl_007723,AXISP10181192034,2776.00,2026-08-04T11:30:00+05:30,pay_007721,,,INR
setl_002049,,54754.49,2026-07-29T11:30:00+05:30,pay_002047,,,INR
setl_003239,HDFCN01457192748,35371.00,2026-07-30T11:30:00+05:30,pay_003235|pay_003237,,,INR
setl_002038,AXISP32925611241,8073.39,2026-07-07T11:30:00+05:30,pay_002034|pay_002036,,,INR
setl_002300,,4978.00,2026-07-14T11:30:00+05:30,pay_002298,,,INR
setl_004383,AXISP73107927589,59447.05,2026-07-07T11:30:00+05:30,pay_004377|pay_004379|pay_004381,,,INR
setl_000783,HDFCN08320400953,91569.00,2026-07-16T11:30:00+05:30,pay_000781,,,INR
setl_004287,,57475.91,2026-07-14T11:30:00+05:30,pay_004285,,,INR
setl_003023,AXISP68052795964,179694.76,2026-07-16T11:30:00+05:30,pay_003021,,,INR
setl_002505,ICICR01958470496,235950.34,2026-07-31T11:30:00+05:30,pay_002501|pay_002503,,,INR
setl_000728,,386.65,2026-07-10T11:30:00+05:30,pay_000726,,,INR
setl_003290,SBINR27129055006,24010.00,2026-07-16T11:30:00+05:30,pay_003286|pay_003288,,,INR
setl_001802,SBINR65287965997,1316.80,2026-07-20T11:30:00+05:30,pay_001800,,,INR
setl_005799,ICICR07565704595,857.93,2026-11-09T11:30:00+05:30,pay_005797,,,INR
setl_005301,SBINR97666945916,5572.32,2026-07-21T11:30:00+05:30,pay_005297|pay_005299,,,INR
setl_007339,SBINR96545925743,4644.18,2026-08-03T11:30:00+05:30,pay_007335|pay_007337,,,INR
setl_000051,HDFCN38186895508,732.00,2026-07-28T11:30:00+05:30,pay_000049,,,INR
setl_003532,,9153.00,2026-08-03T11:30:00+05:30,pay_003530,,,INR
setl_002969,ICICR96508371778,828.00,2026-07-07T11:30:00+05:30,pay_002965|pay_002967,,,INR
setl_001228,AXISP44692600919,732.89,2026-07-17T11:30:00+05:30,pay_001224|pay_001226,,,INR
setl_006829,AXISP95632190955,6922.37,2026-07-24T11:30:00+05:30,pay_006823|pay_006825|pay_006827,,,INR
setl_005514,SBINR96879738220,842.67,2026-07-10T11:30:00+05:30,pay_005512,,,INR
setl_001990,ICICR98209238908,9417.47,2026-07-07T11:30:00+05:30,pay_001986|pay_001988,,,INR
setl_002522,,75899.00,2026-07-13T11:30:00+05:30,pay_002520,,,INR
setl_006270,,274747.64,2026-07-03T11:30:00+05:30,pay_006266|pay_006268,,,INR
setl_005497,ICICR20020786155,3282.00,2026-08-03T11:30:00+05:30,pay_005495,,,INR
setl_006388,HDFCN65448623824,3327.00,2026-07-28T11:30:00+05:30,pay_006386,,,INR
setl_007429,AXISP26848343326,6656.31,2026-07-28T11:30:00+05:30,pay_007423|pay_007425|pay_007427,,,INR
setl_002477,SBINR95211896560,80687.20,2026-07-30T11:30:00+05:30,pay_002470|pay_002472|pay_002474,rfnd_002476,,INR
setl_002576,,444.89,2026-07-21T11:30:00+05:30,pay_002574,,,INR
setl_006049,,21715.41,2026-07-20T11:30:00+05:30,pay_006047,,,INR
setl_003551,ICICR04185210286,91457.00,2026-07-06T11:30:00+05:30,pay_003549,,,INR
setl_005509,AXISP07651499378,41247.00,2026-07-22T11:30:00+05:30,pay_005507,,,INR
setl_001879,,2394.09,2026-07-07T11:30:00+05:30,pay_001875|pay_001877,,,INR
setl_004193,HDFCN19986794497,74896.80,2026-07-28T11:30:00+05:30,pay_004189|pay_004191,,,INR
setl_004502,SBINR95631581900,99785.85,2026-08-04T11:30:00+05:30,pay_004500,,,INR
setl_000278,AXISP24634345891,5602.00,2026-07-22T11:30:00+05:30,pay_000276,,,INR
setl_005022,SBINR06064381863,99088.00,2026-07-20T11:30:00+05:30,pay_005020,,,INR
setl_007161,AXISP91778489670,1147.82,2026-07-09T11:30:00+05:30,pay_007154|pay_007156|pay_007158,rfnd_007160,,INR
setl_006843,ICICR12097202756,104.60,2026-07-29T11:30:00+05:30,pay_006841,,,INR
setl_000332,AXISP14586738082,620.00,2026-07-31T11:30:00+05:30,pay_000330,,,INR
setl_007567,,99005.00,2026-07-15T11:30:00+05:30,pay_007565,,,INR
setl_002202,AXISP78539803250,79801.02,2026-07-07T11:30:00+05:30,pay_002198|pay_002200,,,INR
setl_001570,,4309.74,2026-07-06T11:30:00+05:30,pay_001568,,,INR
setl_005161,AXISP82467702928,654.00,2026-07-06T11:30:00+05:30,pay_005159,,,INR
setl_000289,AXISP79173073794,7689.74,2026-08-04T11:30:00+05:30,pay_000285|pay_000287,,,INR
setl_005608,,7755.14,2026-07-07T11:30:00+05:30,pay_005606,,,INR
setl_006464,,47206.46,2026-07-28T11:30:00+05:30,pay_006462,,,INR
setl_003621,ICICR07077695003,325.14,2026-07-21T11:30:00+05:30,pay_003619,,,INR
setl_007830,,64766.81,2026-07-07T11:30:00+05:30,pay_007828,,,INR
setl_003057,,645.40,2026-07-28T11:30:00+05:30,pay_003055,,,INR
setl_000747,HDFCN72091220891,632.48,2026-07-29T11:30:00+05:30,pay_000740|pay_000742|pay_000744,,adj_000746,INR
setl_000951,ICICR26197843600,646948.97,2026-07-21T11:30:00+05:30,pay_000949,,,INR
setl_001490,HDFCN13292216899,13953.84,2026-07-20T11:30:00+05:30,pay_001486|pay_001488,,,INR
setl_006819,,3374.60,2026-08-03T11:30:00+05:30,pay_006817,,,INR
setl_006480,,72500.63,2026-08-03T11:30:00+05:30,pay_006478,,,INR
setl_002312,,534.46,2026-07-14T11:30:00+05:30,pay_002310,,,INR
setl_007754,AXISP05041435159,388559.88,2026-07-21T11:30:00+05:30,pay_007750|pay_007752,,,INR
setl_006535,SBINR04200580094,4391.00,2026-07-10T11:30:00+05:30,pay_006533,,,INR
setl_000945,ICICR96509673532,5570.21,2026-07-09T11:30:00+05:30,pay_000943,,,INR
setl_006468,,47206.46,2026-07-28T11:30:00+05:30,pay_006466,,,INR
setl_005989,,4276.63,2026-07-21T11:30:00+05:30,pay_005987,,,INR
setl_004245,,2848.00,2026-07-03T11:30:00+05:30,pay_004243,,,INR
setl_005204,AXISP87640217394,1022.29,2026-07-08T11:30:00+05:30,pay_005202,,,INR
setl_003035,,947.00,2026-07-28T11:30:00+05:30,pay_003033,,,INR
setl_001539,HDFCN62988082623,6360.00,2026-07-23T11:30:00+05:30,pay_001537,,,INR
setl_002629,ICICR18999358992,68000.24,2026-07-14T11:30:00+05:30,pay_002625|pay_002627,,,INR
setl_006154,ICICR19424187698,50224.77,2026-07-28T11:30:00+05:30,pay_006148|pay_006150|pay_006152,,,INR
setl_007213,AXISP93726855552,1483.90,2026-07-29T11:30:00+05:30,pay_007209|pay_007211,,,INR
setl_001354,SBINR04277594695,788204.18,2026-07-28T11:30:00+05:30,pay_001347|pay_001349|pay_001351,rfnd_001353,,INR
setl_000789,HDFCN91127408526,6303.64,2026-07-10T11:30:00+05:30,pay_000787,,,INR
setl_003332,SBINR28407337782,674.53,2026-07-23T11:30:00+05:30,pay_003330,,,INR
setl_006601,HDFCN03333341499,213.11,2026-07-08T11:30:00+05:30,pay_006599,,,INR
setl_007383,HDFCN51051726190,6138.63,2026-07-24T11:30:00+05:30,pay_007381,,,INR
setl_006776,AXISP12050595239,6550.68,2026-07-27T11:30:00+05:30,pay_006774,,,INR
setl_003615,,81360.73,2026-07-03T11:30:00+05:30,pay_003613,,,INR
setl_005576,,2681.49,2026-07-10T11:30:00+05:30,pay_005574,,,INR
setl_001970,,22503.81,2026-07-21T11:30:00+05:30,pay_001968,,,INR
setl_006677,HDFCN64261670012,80236.07,2026-07-14T11:30:00+05:30,pay_006671|pay_006673|pay_006675,,,INR
setl_004795,,910.00,2026-07-28T11:30:00+05:30,pay_004793,,,INR
setl_001370,,49847.00,2026-07-06T11:30:00+05:30,pay_001366|pay_001368,,,INR
setl_004443,HDFCN24201185536,61013.08,2026-07-21T11:30:00+05:30,pay_004439|pay_004441,,,INR
setl_003281,AXISP09049775920,103461.37,2026-07-15T11:30:00+05:30,pay_003277|pay_003279,,,INR
setl_001789,SBINR84719227830,1977.00,2026-07-29T11:30:00+05:30,pay_001785|pay_001787,,,INR
setl_006508,HDFCN76176389601,55613.99,2026-07-28T11:30:00+05:30,pay_006502|pay_006504|pay_006506,,,INR
setl_005971,,313.80,2026-07-28T11:30:00+05:30,pay_005969,,,INR
setl_005461,SBINR80076475701,974.00,2026-07-31T11:30:00+05:30,pay_005459,,,INR
setl_006667,ICICR53795315787,923.00,2026-07-16T11:30:00+05:30,pay_006665,,,INR
setl_006336,,2843.28,2026-08-03T11:30:00+05:30,pay_006334,,,INR
setl_003736,,3169.55,2026-07-07T11:30:00+05:30,pay_003732|pay_003734,,,INR
setl_007255,,175204.07,2026-08-04T11:30:00+05:30,pay_007251|pay_007253,,,INR
setl_006192,ICICR19191438666,8051.52,2026-07-16T11:30:00+05:30,pay_006190,,,INR
setl_004856,AXISP24851198142,10803.76,2026-07-20T11:30:00+05:30,pay_004852|pay_004854,,,INR
setl_003680,ICICR51060403936,1240438.08,2026-07-10T11:30:00+05:30,pay_003674|pay_003676|pay_003678,,,INR
setl_004006,SBINR34125215428,5937.55,2026-07-17T11:30:00+05:30,pay_003999|pay_004001|pay_004003,,adj_004005,INR
setl_003396,ICICR97108776087,176.00,2026-07-07T11:30:00+05:30,pay_003394,,,INR
setl_004133,,89971.57,2026-07-31T11:30:00+05:30,pay_004131,,,INR
setl_004151,,1352.31,2026-07-31T11:30:00+05:30,pay_004147|pay_004149,,,INR
setl_006167,SBINR72585334268,307426.97,2026-07-10T11:30:00+05:30,pay_006160|pay_006162|pay_006164,rfnd_006166,,INR
setl_003807,AXISP96489253250,1477.62,2026-07-06T11:30:00+05:30,pay_003803|pay_003805,,,INR
setl_002304,,1845.00,2026-07-14T11:30:00+05:30,pay_002302,,,INR
setl_005628,,238685.72,2026-07-07T11:30:00+05:30,pay_005624|pay_005626,,,INR
setl_005641,AXISP31535925250,607.32,2026-07-21T11:30:00+05:30,pay_005639,,,INR
setl_003098,HDFCN28617761317,188459.48,2026-07-27T11:30:00+05:30,pay_003091|pay_003093|pay_003095,rfnd_003097,,INR
setl_004260,ICICR36840137217,68961.00,2026-07-08T11:30:00+05:30,pay_004258,,,INR
setl_000817,,2687.37,2026-07-14T11:30:00+05:30,pay_000815,,,INR
setl_005932,AXISP30135718414,2860.85,2026-07-20T11:30:00+05:30,pay_005930,,,INR
setl_000399,SBINR11403546009,497.00,2026-07-16T11:30:00+05:30,pay_000397,,,INR
setl_003216,SBINR34927114883,5136.20,2026-07-13T11:30:00+05:30,pay_003214,,,INR
setl_004645,HDFCN92535906224,319428.00,2026-07-10T11:30:00+05:30,pay_004643,,,INR
setl_000939,ICICR22483301803,313725.13,2026-07-28T11:30:00+05:30,pay_000937,,,INR
setl_005807,HDFCN49948731458,92965.52,2026-07-07T11:30:00+05:30,pay_005803|pay_005805,,,INR
setl_004936,AXISP32319824357,336908.98,2026-07-09T11:30:00+05:30,pay_004932|pay_004934,,,INR
setl_007494,AXISP09727319409,3990.55,2026-07-16T11:30:00+05:30,pay_007492,,,INR
setl_000667,,5858.00,2026-07-31T11:30:00+05:30,pay_000665,,,INR
setl_000532,HDFCN64839972959,138480.25,2026-07-03T11:30:00+05:30,pay_000528|pay_000530,,,INR
setl_003272,AXISP65753865087,4055.12,2026-07-16T11:30:00+05:30,pay_003268|pay_003270,,,INR
setl_007612,HDFCN35634238599,55554.89,2026-08-03T11:30:00+05:30,pay_007610,,,INR
setl_001287,,78520.13,2026-07-07T11:30:00+05:30,pay_001283|pay_001285,,,INR
setl_004208,SBINR12877549351,125111.81,2026-07-16T11:30:00+05:30,pay_004204|pay_004206,,,INR
setl_003199,SBINR65774100042,498.64,2026-07-22T11:30:00+05:30,pay_003197,,,INR
setl_003627,AXISP26546050981,8902.44,2026-07-30T11:30:00+05:30,pay_003625,,,INR
setl_002138,,795812.00,2026-07-28T11:30:00+05:30,pay_002136,,,INR
setl_003048,,2404.85,2026-07-28T11:30:00+05:30,pay_003044|pay_003046,,,INR
setl_004809,AXISP73256498270,9125.05,2026-11-09T11:30:00+05:30,pay_004807,,,INR
setl_005604,,638.00,2026-07-07T11:30:00+05:30,pay_005602,,,INR
setl_004283,,57475.91,2026-07-14T11:30:00+05:30,pay_004281,,,INR
setl_000185,ICICR96397026949,73006.40,2026-07-07T11:30:00+05:30,pay_000183,,,INR
setl_002980,HDFCN44159653881,773129.67,2026-07-29T11:30:00+05:30,pay_002974|pay_002976|pay_002978,,,INR
setl_003768,AXISP12864245909,80768.64,2026-08-04T11:30:00+05:30,pay_003764|pay_003766,,,INR
setl_001292,,6769.00,2026-07-07T11:30:00+05:30,pay_001290,,,INR
setl_007623,HDFCN55300903359,78206.54,2026-07-09T11:30:00+05:30,pay_007621,,,INR
setl_001897,HDFCN42053461439,9623.00,2026-07-10T11:30:00+05:30,pay_001895,,,INR
setl_001740,ICICR26314317423,5112.22,2026-07-13T11:30:00+05:30,pay_001736|pay_001738,,,INR
setl_001618,ICICR05614694984,19009.53,2026-07-30T11:30:00+05:30,pay_001614|pay_001616,,,INR
setl_000359,AXISP27456486774,764.99,2026-07-14T11:30:00+05:30,pay_000355|pay_000357,,,INR
setl_000383,AXISP53091450100,811103.17,2026-07-06T11:30:00+05:30,pay_000379|pay_000381,,,INR
setl_003900,HDFCN92672319136,61156.08,2026-07-21T11:30:00+05:30,pay_003894|pay_003896|pay_003898,,,INR
setl_004752,ICICR71144722417,6747.90,2026-07-31T11:30:00+05:30,pay_004750,,,INR
setl_002864,AXISP46031699166,28124.00,2026-07-03T11:30:00+05:30,pay_002862,,,INR
setl_005985,,7519.00,2026-07-21T11:30:00+05:30,pay_005983,,,INR
setl_005733,AXISP69488541048,3325.31,2026-07-30T11:30:00+05:30,pay_005729|pay_005731,,,INR
setl_007522,HDFCN48693709362,108.51,2026-07-28T11:30:00+05:30,pay_007520,,,INR
setl_007871,SBINR93859036986,570.22,2026-07-17T11:30:00+05:30,pay_007869,,,INR
setl_001066,,242.00,2026-07-14T11:30:00+05:30,pay_001064,,,INR
setl_007071,,91627.81,2026-07-09T11:30:00+05:30,pay_007069,,,INR
setl_005838,,24681.00,2026-07-31T11:30:00+05:30,pay_005836,,,INR
setl_007278,ICICR91389841167,72117.05,2026-07-31T11:30:00+05:30,pay_007276,,,INR
setl_001041,ICICR56269618109,457707.70,2026-07-22T11:30:00+05:30,pay_001037|pay_001039,,,INR
setl_001386,,5459.05,2026-07-06T11:30:00+05:30,pay_001384,,,INR
setl_004825,SBINR32033034569,14890.76,2026-07-06T11:30:00+05:30,pay_004819|pay_004821|pay_004823,,,INR
setl_001838,,588.50,2026-07-14T11:30:00+05:30,pay_001836,,,INR
setl_001135,,8621.00,2026-07-22T11:30:00+05:30,pay_001133,,,INR
setl_006529,SBINR74957677343,920.75,2026-07-22T11:30:00+05:30,pay_006527,,,INR
setl_005614,,13026.18,2026-07-07T11:30:00+05:30,pay_005610|pay_005612,,,INR
setl_000366,AXISP71409189009,113955.66,2026-07-21T11:30:00+05:30,pay_000364,,,INR
setl_005123,ICICR06176326588,4999.00,2026-07-13T11:30:00+05:30,pay_005121,,,INR
setl_001278,,661189.29,2026-07-15T11:30:00+05:30,pay_001274|pay_001276,,,INR
setl_002791,HDFCN34430458601,136256.47,2026-07-17T11:30:00+05:30,pay_002789,,,INR
setl_004484,,9706.39,2026-07-14T11:30:00+05:30,pay_004482,,,INR
setl_000177,ICICR70835926327,991376.39,2026-07-21T11:30:00+05:30,pay_000171|pay_000173|pay_000175,,,INR
setl_004107,,2106.00,2026-07-13T11:30:00+05:30,pay_004105,,,INR
setl_000974,,9375.03,2026-07-03T11:30:00+05:30,pay_000972,,,INR
setl_006484,,681.00,2026-08-03T11:30:00+05:30,pay_006482,,,INR
setl_000872,AXISP30338159888,8311.78,2026-07-21T11:30:00+05:30,pay_000870,,,INR
setl_001235,ICICR96863595272,521.40,2026-11-09T11:30:00+05:30,pay_001233,,,INR
setl_000539,,348.02,2026-08-04T11:30:00+05:30,pay_000537,,,INR
setl_001396,ICICR61041955166,88229.74,2026-07-15T11:30:00+05:30,pay_001390|pay_001392|pay_001394,,,INR
setl_002055,ICICR44736628587,41456.00,2026-07-21T11:30:00+05:30,pay_002053,,,INR
setl_004869,,886.57,2026-07-15T11:30:00+05:30,pay_004867,,,INR
setl_004896,AXISP62059785501,82816.86,2026-07-10T11:30:00+05:30,pay_004892|pay_004894,,,INR
setl_000083,,42462.17,2026-08-03T11:30:00+05:30,pay_000081,,,INR
setl_000801,,333768.31,2026-07-14T11:30:00+05:30,pay_000797|pay_000799,,,INR
setl_005167,ICICR31903667211,7237.00,2026-07-15T11:30:00+05:30,pay_005165,,,INR
setl_005621,,987.00,2026-07-07T11:30:00+05:30,pay_005617|pay_005619,,,INR
setl_004637,ICICR25256396890,12431.96,2026-07-20T11:30:00+05:30,pay_004631|pay_004633|pay_004635,,,INR
setl_000113,SBINR91921822577,821.00,2026-07-06T11:30:00+05:30,pay_000111,,,INR
setl_000059,,36336.37,2026-08-03T11:30:00+05:30,pay_000055|pay_000057,,,INR
setl_000867,AXISP09954511012,2928.22,2026-07-27T11:30:00+05:30,pay_000865,,,INR
setl_006720,,4926.00,2026-07-21T11:30:00+05:30,pay_006718,,,INR
setl_006059,HDFCN41705981977,185906.22,2026-08-04T11:30:00+05:30,pay_006057,,,INR
setl_000686,AXISP45564901324,4666.88,2026-07-06T11:30:00+05:30,pay_000682|pay_000684,,,INR
setl_007863,,8563.69,2026-07-28T11:30:00+05:30,pay_007861,,,INR
setl_002060,SBINR88531729690,111529.56,2026-07-17T11:30:00+05:30,pay_002058,,,INR
setl_000573,HDFCN47036246827,29290.67,2026-08-03T11:30:00+05:30,pay_000567|pay_000569|pay_000571,,,INR
setl_007559,,4070.64,2026-07-15T11:30:00+05:30,pay_007557,,,INR
setl_000165,HDFCN63466006524,146207.89,2026-07-24T11:30:00+05:30,pay_000158|pay_000160|pay_000162,,adj_000164,INR
setl_005392,AXISP42608238665,112.42,2026-07-16T11:30:00+05:30,pay_005390,,,INR
setl_002085,AXISP06197069620,852.95,2026-07-10T11:30:00+05:30,pay_002083,,,INR
setl_002852,HDFCN26718565151,5939.00,2026-07-16T11:30:00+05:30,pay_002850,,,INR
setl_003644,ICICR63123403868,311929.58,2026-08-03T11:30:00+05:30,pay_003640|pay_003642,,,INR
setl_003079,AXISP53799653920,265082.80,2026-07-09T11:30:00+05:30,pay_003075|pay_003077,,,INR
setl_005383,HDFCN36749847661,507544.44,2026-07-22T11:30:00+05:30,pay_005377|pay_005379|pay_005381,,,INR
setl_006328,,8642.23,2026-08-03T11:30:00+05:30,pay_006326,,,INR
setl_004145,,9521.85,2026-07-31T11:30:00+05:30,pay_004143,,,INR
setl_007538,SBINR87113746214,308582.79,2026-07-06T11:30:00+05:30,pay_007534|pay_007536,,,INR
setl_006754,ICICR90718652759,30891.10,2026-07-27T11:30:00+05:30,pay_006748|pay_006750|pay_006752,,,INR
setl_003799,AXISP20040509694,74714.06,2026-07-23T11:30:00+05:30,pay_003797,,,INR
setl_004687,AXISP68513492863,1596028.49,2026-07-09T11:30:00+05:30,pay_004683|pay_004685,,,INR
setl_003750,,3735.90,2026-07-07T11:30:00+05:30,pay_003748,,,INR
setl_000767,ICICR93046305692,5020.11,2026-07-03T11:30:00+05:30,pay_000765,,,INR
setl_004569,,885701.59,2026-07-06T11:30:00+05:30,pay_004567,,,INR
setl_003262,SBINR78619947713,6305.87,2026-07-28T11:30:00+05:30,pay_003256|pay_003258|pay_003260,,,INR
setl_005065,HDFCN82569444767,346941.28,2026-07-22T11:30:00+05:30,pay_005058|pay_005060|pay_005062,rfnd_005064,,INR
setl_006588,AXISP16508744873,7125.71,2026-07-06T11:30:00+05:30,pay_006584|pay_006586,,,INR
setl_003865,AXISP09816123526,19441.06,2026-07-20T11:30:00+05:30,pay_003863,,,INR
setl_000032,,64524.97,2026-07-29T11:30:00+05:30,pay_000028|pay_000030,,,INR
setl_004496,AXISP72032872627,276.65,2026-11-09T11:30:00+05:30,pay_004494,,,INR
setl_002460,AXISP48395199369,9535.65,2026-07-21T11:30:00+05:30,pay_002458,,,INR
setl_001768,AXISP95166198903,75618.80,2026-07-17T11:30:00+05:30,pay_001762|pay_001764|pay_001766,,,INR
setl_004054,SBINR09222109694,536.04,2026-07-09T11:30:00+05:30,pay_004052,,,INR
setl_006984,SBINR64959299346,313794.55,2026-07-21T11:30:00+05:30,pay_006978|pay_006980|pay_006982,,,INR
setl_007650,HDFCN58785025207,1569.01,2026-07-13T11:30:00+05:30,pay_007648,,,INR
setl_000697,ICICR45492133170,70622.53,2026-07-10T11:30:00+05:30,pay_000691|pay_000693|pay_000695,,,INR
setl_001886,,8461.12,2026-07-07T11:30:00+05:30,pay_001882|pay_001884,,,INR
setl_006394,ICICR92451564693,5438.68,2026-07-13T11:30:00+05:30,pay_006392,,,INR
setl_005247,SBINR05523945732,4121.38,2026-07-10T11:30:00+05:30,pay_005245,,,INR
setl_000004,AXISP74659198193,8513.00,2026-11-09T11:30:00+05:30,pay_000002,,,INR
setl_001362,ICICR99869901523,32522.90,2026-07-09T11:30:00+05:30,pay_001360,,,INR
setl_000775,HDFCN24533003862,249981.66,2026-07-17T11:30:00+05:30,pay_000771|pay_000773,,,INR
setl_006881,AXISP98122169710,25449.42,2026-07-24T11:30:00+05:30,pay_006877|pay_006879,,,INR
setl_001891,,9444.72,2026-07-07T11:30:00+05:30,pay_001889,,,INR
setl_005048,,756131.10,2026-08-03T11:30:00+05:30,pay_005046,,,INR
setl_001714,SBINR92551801216,5840.82,2026-07-27T11:30:00+05:30,pay_001712,,,INR
setl_000119,,4399.00,2026-07-14T11:30:00+05:30,pay_000117,,,INR
setl_003603,ICICR94310589105,48381.65,2026-07-09T11:30:00+05:30,pay_003597|pay_003599|pay_003601,,,INR
setl_003957,HDFCN00516236093,1834.92,2026-08-04T11:30:00+05:30,pay_003955,,,INR
setl_002175,,10211.27,2026-07-21T11:30:00+05:30,pay_002171|pay_002173,,,INR
setl_004705,HDFCN13803222834,268942.62,2026-07-22T11:30:00+05:30,pay_004701|pay_004703,,,INR
setl_003174,,7782.00,2026-07-21T11:30:00+05:30,pay_003172,,,INR
setl_001796,AXISP91382776785,92292.33,2026-07-06T11:30:00+05:30,pay_001794,,,INR
setl_002526,,10272.00,2026-07-13T11:30:00+05:30,pay_002524,,,INR
setl_001030,AXISP97408945873,142820.69,2026-07-24T11:30:00+05:30,pay_001026|pay_001028,,,INR
setl_003611,,81360.73,2026-07-03T11:30:00+05:30,pay_003609,,,INR
setl_001830,,6635.00,2026-07-14T11:30:00+05:30,pay_001828,,,INR
setl_001810,HDFCN72113684406,3207.61,2026-07-17T11:30:00+05:30,pay_001806|pay_001808,,,INR
setl_001576,,62988.00,2026-07-06T11:30:00+05:30,pay_001572|pay_001574,,,INR
setl_000795,,6652.00,2026-07-14T11:30:00+05:30,pay_000793,,,INR
setl_003760,HDFCN73121192603,92122.25,2026-11-09T11:30:00+05:30,pay_003758,,,INR
setl_000079,,18402.00,2026-08-03T11:30:00+05:30,pay_000077,,,INR
setl_002339,ICICR59055263809,653234.06,2026-07-28T11:30:00+05:30,pay_002337,,,INR
setl_007183,ICICR57362398949,156229.92,2026-07-03T11:30:00+05:30,pay_007179|pay_007181,,,INR
setl_007137,AXISP49991141095,233.00,2026-07-24T11:30:00+05:30,pay_007135,,,INR
setl_003010,,23674.00,2026-07-24T11:30:00+05:30,pay_003008,,,INR
setl_000471,ICICR17828618114,961807.21,2026-07-23T11:30:00+05:30,pay_000465|pay_000467|pay_000469,,,INR
setl_000503,AXISP63228908425,876.81,2026-07-16T11:30:00+05:30,pay_000501,,,INR
setl_000064,,3403.00,2026-08-03T11:30:00+05:30,pay_000062,,,INR
setl_000959,,929.74,2026-07-15T11:30:00+05:30,pay_000957,,,INR
setl_006249,ICICR45149332813,6413.90,2026-07-21T11:30:00+05:30,pay_006247,,,INR
setl_003670,SBINR42130669750,6481.00,2026-07-22T11:30:00+05:30,pay_003668,,,INR
setl_007220,ICICR85966559226,9625.00,2026-07-09T11:30:00+05:30,pay_007218,,,INR
setl_003380,,7618.23,2026-07-17T11:30:00+05:30,pay_003378,,,INR
setl_002209,ICICR71405235575,633150.00,2026-07-13T11:30:00+05:30,pay_002207,,,INR
setl_007581,AXISP41613222070,11214.93,2026-07-20T11:30:00+05:30,pay_007579,,,INR
setl_002393,ICICR84384296158,7035.94,2026-07-10T11:30:00+05:30,pay_002391,,,INR
setl_000041,,342363.00,2026-07-29T11:30:00+05:30,pay_000039,,,INR
setl_001130,,52403.00,2026-07-22T11:30:00+05:30,pay_001126|pay_001128,,,INR
setl_006714,AXISP05071840044,47909.00,2026-07-22T11:30:00+05:30,pay_006712,,,INR
setl_004524,AXISP80841673339,16137.96,2026-07-28T11:30:00+05:30,pay_004518|pay_004520|pay_004522,,,INR
setl_003063,HDFCN35407625987,439.00,2026-07-23T11:30:00+05:30,pay_003061,,,INR
setl_002599,,1566.15,2026-07-10T11:30:00+05:30,pay_002597,,,INR
setl_007173,SBINR87957324490,31517.39,2026-07-08T11:30:00+05:30,pay_007167|pay_007169|pay_007171,,,INR
setl_006219,SBINR01705653712,14181.87,2026-07-09T11:30:00+05:30,pay_006213|pay_006215|pay_006217,,,INR
setl_006974,AXISP71068588341,2124.00,2026-07-08T11:30:00+05:30,pay_006972,,,INR
setl_001505,ICICR21925677060,229952.32,2026-08-03T11:30:00+05:30,pay_001501|pay_001503,,,INR
setl_001583,HDFCN54191443000,534.46,2026-07-29T11:30:00+05:30,pay_001581,,,INR
setl_005222,,422122.95,2026-07-17T11:30:00+05:30,pay_005220,,,INR
setl_004865,,1788.97,2026-07-15T11:30:00+05:30,pay_004863,,,INR
setl_000045,,7761.01,2026-07-29T11:30:00+05:30,pay_000043,,,INR
setl_006960,SBINR31985506659,7753.06,2026-08-04T11:30:00+05:30,pay_006954|pay_006956|pay_006958,,,INR
setl_007377,,448.71,2026-07-06T11:30:00+05:30,pay_007375,,,INR
setl_006405,SBINR91307656106,9225.96,2026-07-31T11:30:00+05:30,pay_006403,,,INR
setl_002123,,3904.62,2026-07-28T11:30:00+05:30,pay_002121,,,INR
setl_007778,,7637.83,2026-07-30T11:30:00+05:30,pay_007776,,,INR
setl_002603,,8485.89,2026-07-10T11:30:00+05:30,pay_002601,,,INR
setl_007488,SBINR89619946447,8037.72,2026-07-14T11:30:00+05:30,pay_007486,,,INR
setl_001332,HDFCN95514189930,9430.00,2026-07-27T11:30:00+05:30,pay_001325|pay_001327|pay_001329,rfnd_001331,,INR
setl_000837,AXISP36123695003,10044.73,2026-07-16T11:30:00+05:30,pay_000833|pay_000835,,,INR
setl_006731,,750.00,2026-07-21T11:30:00+05:30,pay_006729,,,INR
setl_000918,ICICR89601352448,85373.00,2026-07-27T11:30:00+05:30,pay_000916,,,INR
setl_000705,AXISP63733226549,5591.00,2026-07-08T11:30:00+05:30,pay_000703,,,INR
setl_004657,HDFCN89339239377,1008.00,2026-07-17T11:30:00+05:30,pay_004655,,,INR
setl_002007,AXISP44028995661,98657.88,2026-07-14T11:30:00+05:30,pay_002001|pay_002003|pay_002005,,,INR
setl_001701,ICICR95234866626,7244.00,2026-07-29T11:30:00+05:30,pay_001695|pay_001697|pay_001699,,,INR
setl_005834,,8102.17,2026-07-31T11:30:00+05:30,pay_005832,,,INR
setl_000232,,836.00,2026-07-07T11:30:00+05:30,pay_000230,,,INR
setl_000074,,50371.60,2026-08-03T11:30:00+05:30,pay_000070|pay_000072,,,INR
setl_002345,HDFCN12395773077,781.29,2026-07-10T11:30:00+05:30,pay_002343,,,INR
setl_007452,ICICR53960665329,4400.63,2026-07-14T11:30:00+05:30,pay_007450,,,INR
setl_007346,SBINR49370361389,345101.75,2026-07-21T11:30:00+05:30,pay_007344,,,INR
setl_006867,SBINR22112742217,5193.14,2026-07-03T11:30:00+05:30,pay_006865,,,INR
setl_005570,HDFCN40771794633,187809.56,2026-07-14T11:30:00+05:30,pay_005568,,,INR
setl_007391,SBINR35163726710,95018.80,2026-07-28T11:30:00+05:30,pay_007387|pay_007389,,,INR
setl_003729,,875500.26,2026-07-07T11:30:00+05:30,pay_003725|pay_003727,,,INR
setl_000662,,13590.51,2026-07-31T11:30:00+05:30,pay_000658|pay_000660,,,INR
setl_000392,HDFCN65372538048,1814.21,2026-07-21T11:30:00+05:30,pay_000388|pay_000390,,,INR
setl_005753,SBINR59463678149,196713.00,2026-07-24T11:30:00+05:30,pay_005751,,,INR
setl_001310,HDFCN47594407591,71639.60,2026-07-14T11:30:00+05:30,pay_001306|pay_001308,,,INR
setl_006094,ICICR33750113240,6964.79,2026-07-27T11:30:00+05:30,pay_006087|pay_006089|pay_006091,,adj_006093,INR
setl_004490,SBINR74714544182,8046.69,2026-07-24T11:30:00+05:30,pay_004488,,,INR
setl_001594,,64412.12,2026-07-17T11:30:00+05:30,pay_001592,,,INR
setl_001382,,9246.00,2026-07-06T11:30:00+05:30,pay_001380,,,INR
setl_003299,ICICR77486992790,385465.36,2026-07-30T11:30:00+05:30,pay_003295|pay_003297,,,INR
setl_005210,ICICR40077933810,265094.55,2026-08-04T11:30:00+05:30,pay_005208,,,INR
setl_007096,HDFCN26392734827,11083.00,2026-07-28T11:30:00+05:30,pay_007089|pay_007091|pay_007093,rfnd_007095,,INR
setl_005704,HDFCN21576411205,1669.72,2026-07-03T11:30:00+05:30,pay_005702,,,INR
setl_005773,SBINR33860591918,64188.80,2026-07-07T11:30:00+05:30,pay_005767|pay_005769|pay_005771,,,INR
setl_006806,,1261.96,2026-08-03T11:30:00+05:30,pay_006802|pay_006804,,,INR
setl_003129,,75735.50,2026-07-22T11:30:00+05:30,pay_003127,,,INR
setl_000249,,203650.44,2026-07-30T11:30:00+05:30,pay_000247,,,INR
setl_000325,AXISP97408658119,6329.44,2026-07-30T11:30:00+05:30,pay_000321|pay_000323,,,INR
setl_007044,HDFCN28113869465,119769.38,2026-07-23T11:30:00+05:30,pay_007042,,,INR
setl_001726,SBINR46609786935,787.07,2026-08-04T11:30:00+05:30,pay_001724,,,INR
setl_004775,SBINR41424115597,57726.10,2026-07-08T11:30:00+05:30,pay_004768|pay_004770|pay_004772,rfnd_004774,,INR
setl_005761,AXISP98700101206,138158.01,2026-07-17T11:30:00+05:30,pay_005757|pay_005759,,,INR
setl_004625,AXISP40263740001,14455.94,2026-07-28T11:30:00+05:30,pay_004619|pay_004621|pay_004623,,,INR
setl_007148,HDFCN47763584211,20847.75,2026-07-15T11:30:00+05:30,pay_007141|pay_007143|pay_007145,rfnd_007147,,INR
setl_004185,AXISP62059914287,938.00,2026-07-20T11:30:00+05:30,pay_004183,,,INR
setl_006432,SBINR57110653712,940071.86,2026-07-27T11:30:00+05:30,pay_006425|pay_006427|pay_006429,rfnd_006431,,INR
setl_006921,AXISP88325458955,598891.00,2026-07-28T11:30:00+05:30,pay_006917|pay_006919,,,INR
setl_005594,SBINR06821031522,905446.96,2026-07-27T11:30:00+05:30,pay_005592,,,INR
setl_001518,ICICR11514867863,697156.66,2026-08-03T11:30:00+05:30,pay_001511|pay_001513|pay_001515,,adj_001517,INR
setl_007439,HDFCN32999749256,683881.71,2026-07-23T11:30:00+05:30,pay_007435|pay_007437,,,INR
setl_005155,,373.00,2026-07-24T11:30:00+05:30,pay_005153,,,INR
setl_004696,SBINR50540024830,13968.00,2026-07-27T11:30:00+05:30,pay_004692|pay_004694,,,INR
setl_000223,,6903.46,2026-07-07T11:30:00+05:30,pay_000219|pay_000221,,,INR
setl_003745,,99072.41,2026-07-07T11:30:00+05:30,pay_003741|pay_003743,,,INR
setl_007555,,601.00,2026-07-15T11:30:00+05:30,pay_007553,,,INR
setl_006692,,14901.25,2026-07-10T11:30:00+05:30,pay_006690,,,INR
setl_000014,AXISP00018397552,50814.41,2026-07-14T11:30:00+05:30,pay_000008|pay_000010|pay_000012,,,INR
setl_000587,AXISP98914095426,97538.04,2026-11-09T11:30:00+05:30,pay_000585,,,INR
setl_005635,ICICR83471090218,6733.33,2026-08-04T11:30:00+05:30,pay_005633,,,INR
setl_003538,,497521.68,2026-08-03T11:30:00+05:30,pay_003534|pay_003536,,,INR
setl_005268,,5566.26,2026-07-31T11:30:00+05:30,pay_005266,,,INR
setl_005233,AXISP46119877905,625873.00,2026-07-09T11:30:00+05:30,pay_005226|pay_005228|pay_005230,rfnd_005232,,INR
setl_006815,,4917.00,2026-08-03T11:30:00+05:30,pay_006813,,,INR
setl_001903,HDFCN92869247071,5881.13,2026-07-06T11:30:00+05:30,pay_001901,,,INR
setl_006580,AXISP66684731791,334.00,2026-07-03T11:30:00+05:30,pay_006578,,,INR
setl_007008,SBINR70435156493,449.00,2026-07-07T11:30:00+05:30,pay_007006,,,INR
setl_002959,AXISP97530060642,97344.13,2026-07-29T11:30:00+05:30,pay_002952|pay_002954|pay_002956,rfnd_002958,,INR
setl_005433,HDFCN96055097075,11552.46,2026-07-31T11:30:00+05:30,pay_005427|pay_005429|pay_005431,,,INR
setl_000405,,8685.08,2026-07-21T11:30:00+05:30,pay_000403,,,INR
setl_002658,SBINR63065185505,63590.79,2026-07-08T11:30:00+05:30,pay_002652|pay_002654|pay_002656,,,INR
setl_006010,ICICR39373376374,2556.00,2026-07-21T11:30:00+05:30,pay_006008,,,INR
setl_003349,AXISP93454618858,42071.51,2026-07-03T11:30:00+05:30,pay_003342|pay_003344|pay_003346,,adj_003348,INR
setl_004615,SBINR43877162778,5671.00,2026-07-28T11:30:00+05:30,pay_004613,,,INR
setl_000597,,30730.25,2026-07-07T11:30:00+05:30,pay_000595,,,INR
setl_005038,,89815.89,2026-07-15T11:30:00+05:30,pay_005036,,,INR
setl_006613,AXISP63779415507,60992.62,2026-07-07T11:30:00+05:30,pay_006611,,,INR
setl_007766,ICICR45590554283,191435.70,2026-07-03T11:30:00+05:30,pay_007760|pay_007762|pay_007764,,,INR
setl_002129,,93447.39,2026-07-28T11:30:00+05:30,pay_002125|pay_002127,,,INR
setl_000861,ICICR01856651281,34605.00,2026-07-14T11:30:00+05:30,pay_000859,,,INR
setl_007735,,856140.72,2026-07-08T11:30:00+05:30,pay_007733,,,INR
setl_007363,ICICR09210908927,265919.88,2026-08-03T11:30:00+05:30,pay_007359|pay_007361,,,INR
setl_005830,,39834.17,2026-07-31T11:30:00+05:30,pay_005828,,,INR
setl_005241,HDFCN33707364104,1955.16,2026-07-23T11:30:00+05:30,pay_005239,,,INR
setl_002466,ICICR76101634649,850.44,2026-07-20T11:30:00+05:30,pay_002464,,,INR
setl_002096,HDFCN50682666398,8686.00,2026-07-10T11:30:00+05:30,pay_002094,,,INR
setl_004609,SBINR74775383007,8081.26,2026-07-29T11:30:00+05:30,pay_004607,,,INR
setl_004835,SBINR39424070537,80487.00,2026-07-22T11:30:00+05:30,pay_004831|pay_004833,,,INR
setl_003462,ICICR98046540695,154943.24,2026-07-09T11:30:00+05:30,pay_003460,,,INR
setl_003364,,31292.00,2026-07-17T11:30:00+05:30,pay_003360|pay_003362,,,INR
setl_000878,AXISP43359974645,1221.00,2026-07-24T11:30:00+05:30,pay_000876,,,INR
setl_007050,SBINR98213358077,32701.59,2026-07-16T11:30:00+05:30,pay_007048,,,INR
setl_002252,ICICR47096610487,109378.64,2026-07-06T11:30:00+05:30,pay_002246|pay_002248|pay_002250,,,INR
setl_006340,,58156.00,2026-08-03T11:30:00+05:30,pay_006338,,,INR
setl_004596,SBINR22912475877,80986.08,2026-07-23T11:30:00+05:30,pay_004592|pay_004594,,,INR
setl_005455,AXISP28880719642,337.00,2026-07-28T11:30:00+05:30,pay_005453,,,INR
setl_003141,SBINR19082225236,8255.32,2026-07-30T11:30:00+05:30,pay_003137|pay_003139,,,INR
setl_002164,,6609.06,2026-07-21T11:30:00+05:30,pay_002160|pay_002162,,,INR
setl_000147,AXISP39090509188,2206.74,2026-07-13T11:30:00+05:30,pay_000143|pay_000145,,,INR
setl_007668,AXISP92480541203,186.00,2026-07-13T11:30:00+05:30,pay_007666,,,INR
setl_003456,ICICR38908514842,986.00,2026-07-09T11:30:00+05:30,pay_003454,,,INR
setl_006300,HDFCN01777400716,3539.00,2026-07-15T11:30:00+05:30,pay_006298,,,INR
setl_005940,ICICR41283767025,2427.69,2026-07-28T11:30:00+05:30,pay_005936|pay_005938,,,INR
setl_000424,,485.00,2026-07-21T11:30:00+05:30,pay_000422,,,INR
setl_000490,AXISP84907451348,1404.63,2026-07-17T11:30:00+05:30,pay_000486|pay_000488,,,INR
setl_004200,SBINR54750174546,845.99,2026-08-03T11:30:00+05:30,pay_004198,,,INR
setl_001753,,156388.74,2026-07-28T11:30:00+05:30,pay_001749|pay_001751,,,INR
setl_002749,SBINR02962222298,465.00,2026-07-09T11:30:00+05:30,pay_002747,,,INR
setl_002593,SBINR20054914693,13997.00,2026-07-13T11:30:00+05:30,pay_002591,,,INR
setl_002324,AXISP75342481536,9881.93,2026-11-09T11:30:00+05:30,pay_002322,,,INR
setl_006421,HDFCN48617346540,399970.99,2026-07-14T11:30:00+05:30,pay_006419,,,INR
setl_002757,ICICR16612648318,67301.62,2026-07-10T11:30:00+05:30,pay_002753|pay_002755,,,INR
setl_001272,,284.00,2026-07-15T11:30:00+05:30,pay_001270,,,INR
setl_001152,,762823.89,2026-07-22T11:30:00+05:30,pay_001148|pay_001150,,,INR
setl_005860,ICICR17258170975,1713.58,2026-07-30T11:30:00+05:30,pay_005858,,,INR
setl_005007,HDFCN89699959151,299.00,2026-07-28T11:30:00+05:30,pay_005005,,,INR
setl_000375,SBINR91044725609,778.31,2026-07-30T11:30:00+05:30,pay_000373,,,INR
setl_003170,,241.65,2026-07-21T11:30:00+05:30,pay_003168,,,INR
setl_005959,ICICR50332808193,55369.69,2026-07-06T11:30:00+05:30,pay_005957,,,INR
setl_006037,ICICR54613462505,7323.00,2026-07-28T11:30:00+05:30,pay_006035,,,INR
setl_001451,HDFCN74094586600,7738.94,2026-07-20T11:30:00+05:30,pay_001444|pay_001446|pay_001448,rfnd_001450,,INR
setl_001911,,36017.53,2026-07-28T11:30:00+05:30,pay_001907|pay_001909,,,INR
setl_001476,ICICR15773474095,95051.94,2026-07-06T11:30:00+05:30,pay_001474,,,INR
setl_004476,,709991.21,2026-07-14T11:30:00+05:30,pay_004474,,,INR
setl_007842,ICICR73526129329,34722.00,2026-07-06T11:30:00+05:30,pay_007840,,,INR
setl_001861,AXISP69243095820,9146.92,2026-07-14T11:30:00+05:30,pay_001859,,,INR
setl_004272,,8743.78,2026-07-17T11:30:00+05:30,pay_004268|pay_004270,,,INR
setl_003697,SBINR16763411166,10957.64,2026-07-27T11:30:00+05:30,pay_003691|pay_003693|pay_003695,,,INR
setl_005714,ICICR47708055775,399137.96,2026-07-06T11:30:00+05:30,pay_005708|pay_005710|pay_005712,,,INR
setl_003006,,3425.00,2026-07-24T11:30:00+05:30,pay_003004,,,INR
setl_000259,ICICR07039840319,1911.18,2026-07-13T11:30:00+05:30,pay_000253|pay_000255|pay_000257,,,INR
setl_004584,,7494.00,2026-07-06T11:30:00+05:30,pay_004582,,,INR
setl_000889,AXISP36979317297,306281.59,2026-07-16T11:30:00+05:30,pay_000882|pay_000884|pay_000886,rfnd_000888,,INR
setl_000967,AXISP76158878913,7054.28,2026-07-06T11:30:00+05:30,pay_000965,,,INR
setl_001779,SBINR35522366315,669169.90,2026-08-03T11:30:00+05:30,pay_001773|pay_001775|pay_001777,,,INR
setl_001193,HDFCN92041318287,228725.50,2026-07-20T11:30:00+05:30,pay_001191,,,INR
setl_007407,SBINR91225756477,103.50,2026-11-09T11:30:00+05:30,pay_007405,,,INR
setl_003941,ICICR23243694265,2984.49,2026-08-04T11:30:00+05:30,pay_003937|pay_003939,,,INR
setl_004124,ICICR29049690966,3210.00,2026-07-03T11:30:00+05:30,pay_004122,,,INR
setl_006797,AXISP44261145553,607.00,2026-07-24T11:30:00+05:30,pay_006795,,,INR
setl_001869,AXISP18450595269,227300.20,2026-07-15T11:30:00+05:30,pay_001865|pay_001867,,,INR
setl_005556,ICICR46619166999,530237.93,2026-08-03T11:30:00+05:30,pay_005554,,,INR
setl_006737,,103851.80,2026-07-21T11:30:00+05:30,pay_006733|pay_006735,,,INR
setl_001120,AXISP38036678245,380324.82,2026-07-08T11:30:00+05:30,pay_001113|pay_001115|pay_001117,rfnd_001119,,INR
setl_007315,HDFCN33788780541,8359.22,2026-07-24T11:30:00+05:30,pay_007311|pay_007313,,,INR
setl_006490,,71996.14,2026-08-03T11:30:00+05:30,pay_006486|pay_006488,,,INR
setl_007020,,41202.42,2026-07-15T11:30:00+05:30,pay_007018,,,INR
setl_007826,,64766.81,2026-07-07T11:30:00+05:30,pay_007824,,,INR
setl_001003,HDFCN08664920679,890142.18,2026-07-28T11:30:00+05:30,pay_000999|pay_001001,,,INR
setl_004559,AXISP19891625700,95892.00,2026-07-15T11:30:00+05:30,pay_004557,,,INR
setl_005288,,92927.00,2026-07-31T11:30:00+05:30,pay_005284|pay_005286,,,INR
setl_002265,AXISP45493240291,635946.21,2026-07-09T11:30:00+05:30,pay_002261|pay_002263,,,INR
setl_007446,HDFCN51332176410,692.00,2026-07-16T11:30:00+05:30,pay_007444,,,INR
setl_003712,,45722.00,2026-07-07T11:30:00+05:30,pay_003710,,,INR
setl_001497,,28574.35,2026-07-13T11:30:00+05:30,pay_001495,,,INR
setl_002146,AXISP64357517317,96977.54,2026-07-23T11:30:00+05:30,pay_002142|pay_002144,,,INR
setl_002194,ICICR96980971688,769.40,2026-07-14T11:30:00+05:30,pay_002192,,,INR
setl_002111,SBINR63674002152,5999.60,2026-07-03T11:30:00+05:30,pay_002109,,,INR
setl_004014,AXISP99961948130,32232.00,2026-07-29T11:30:00+05:30,pay_004012,,,INR
setl_003486,HDFCN60326176524,905.24,2026-07-07T11:30:00+05:30,pay_003484,,,INR
setl_006073,ICICR46852758236,3217.17,2026-07-27T11:30:00+05:30,pay_006069|pay_006071,,,INR
setl_004799,,8365.20,2026-07-28T11:30:00+05:30,pay_004797,,,INR
setl_007563,,720.58,2026-07-15T11:30:00+05:30,pay_007561,,,INR
setl_002090,SBINR42624548544,21566.72,2026-07-14T11:30:00+05:30,pay_002088,,,INR
setl_007064,HDFCN46107884836,25312.00,2026-07-17T11:30:00+05:30,pay_007060|pay_007062,,,INR
setl_006130,AXISP16135270369,105010.73,2026-08-03T11:30:00+05:30,pay_006124|pay_006126|pay_006128,,,INR
setl_005015,AXISP44669752386,55847.51,2026-07-17T11:30:00+05:30,pay_005011|pay_005013,,,INR
setl_004588,,701275.51,2026-07-06T11:30:00+05:30,pay_004586,,,INR
setl_002180,,2551.33,2026-07-21T11:30:00+05:30,pay_002178,,,INR
setl_003357,SBINR09410901797,7816.00,2026-07-13T11:30:00+05:30,pay_003355,,,INR
setl_000343,HDFCN77448571967,505809.91,2026-07-21T11:30:00+05:30,pay_000336|pay_000338|pay_000340,,adj_000342,INR
setl_005520,AXISP86410442588,142.00,2026-07-21T11:30:00+05:30,pay_005518,,,INR
setl_005353,ICICR65187760960,931.00,2026-07-23T11:30:00+05:30,pay_005351,,,INR
setl_004921,ICICR40540879960,512.42,2026-07-20T11:30:00+05:30,pay_004919,,,INR
setl_003222,,18763.48,2026-07-14T11:30:00+05:30,pay_003220,,,INR
setl_002155,ICICR42502561377,7386.42,2026-08-04T11:30:00+05:30,pay_002151|pay_002153,,,INR
setl_000271,HDFCN76748683219,428890.59,2026-07-09T11:30:00+05:30,pay_000265|pay_000267|pay_000269,,,INR
setl_005054,,924.65,2026-07-14T11:30:00+05:30,pay_005052,,,INR
setl_002296,,9025.12,2026-07-14T11:30:00+05:30,pay_002294,,,INR
setl_003931,HDFCN96046486665,150625.36,2026-07-09T11:30:00+05:30,pay_003924|pay_003926|pay_003928,rfnd_003930,,INR
setl_006474,HDFCN81241373573,8211.00,2026-08-04T11:30:00+05:30,pay_006472,,,INR
setl_003635,AXISP69659815273,927.40,2026-07-28T11:30:00+05:30,pay_003631|pay_003633,,,INR
setl_002733,,5726.67,2026-07-28T11:30:00+05:30,pay_002731,,,INR
setl_002910,AXISP16697673840,8868.00,2026-07-03T11:30:00+05:30,pay_002908,,,INR
setl_004677,AXISP03693329853,35209.42,2026-07-17T11:30:00+05:30,pay_004670|pay_004672|pay_004674,rfnd_004676,,INR
setl_000449,AXISP06685451979,10074.00,2026-07-10T11:30:00+05:30,pay_000445|pay_000447,,,INR
setl_004323,SBINR47056824953,8682.96,2026-08-03T11:30:00+05:30,pay_004317|pay_004319|pay_004321,,,INR
setl_004969,HDFCN68171582174,491388.05,2026-07-31T11:30:00+05:30,pay_004963|pay_004965|pay_004967,,,INR
setl_004345,SBINR73206448849,68192.39,2026-07-15T11:30:00+05:30,pay_004341|pay_004343,,,INR
setl_006065,AXISP97101584656,707.49,2026-07-24T11:30:00+05:30,pay_006063,,,INR
setl_002858,ICICR58834732760,878.75,2026-07-29T11:30:00+05:30,pay_002856,,,INR
setl_002840,AXISP85150910326,161.09,2026-07-16T11:30:00+05:30,pay_002838,,,INR
setl_002515,AXISP96839262602,9508.95,2026-07-14T11:30:00+05:30,pay_002511|pay_002513,,,INR
setl_007001,HDFCN00391516028,1296.00,2026-07-16T11:30:00+05:30,pay_006997|pay_006999,,,INR
setl_003432,,89101.38,2026-07-14T11:30:00+05:30,pay_003430,,,INR
setl_004435,ICICR67660121349,610.00,2026-07-17T11:30:00+05:30,pay_004433,,,INR
setl_000808,,10743.51,2026-07-14T11:30:00+05:30,pay_000804|pay_000806,,,INR
setl_002809,,698.13,2026-07-23T11:30:00+05:30,pay_002807,,,INR
setl_000616,HDFCN47863962335,817.00,2026-08-04T11:30:00+05:30,pay_000614,,,INR
setl_005886,SBINR06137305177,149391.87,2026-07-06T11:30:00+05:30,pay_005882|pay_005884,,,INR
setl_002764,SBINR27132824797,75623.00,2026-07-07T11:30:00+05:30,pay_002762,,,INR
setl_001208,ICICR76877453976,8690.71,2026-07-10T11:30:00+05:30,pay_001206,,,INR
setl_005335,SBINR66977676803,59470.00,2026-08-04T11:30:00+05:30,pay_005333,,,INR
setl_003072,ICICR97773281411,5434.00,2026-07-08T11:30:00+05:30,pay_003070,,,INR
setl_005441,,8986.79,2026-07-07T11:30:00+05:30,pay_005439,,,INR
setl_002743,ICICR05259704724,560.34,2026-07-07T11:30:00+05:30,pay_002741,,,INR
setl_006567,AXISP49577764283,316128.06,2026-07-27T11:30:00+05:30,pay_006563|pay_006565,,,INR
setl_006144,HDFCN24564276085,73342.86,2026-07-09T11:30:00+05:30,pay_006142,,,INR
setl_006791,SBINR82543098439,1128.64,2026-08-03T11:30:00+05:30,pay_006789,,,INR
setl_003450,ICICR80348064618,801.62,2026-07-30T11:30:00+05:30,pay_003448,,,INR
setl_003986,HDFCN83836817041,3354.00,2026-07-31T11:30:00+05:30,pay_003984,,,INR
setl_006550,AXISP45665673160,370039.00,2026-07-31T11:30:00+05:30,pay_006548,,,INR
setl_001747,,737064.00,2026-07-28T11:30:00+05:30,pay_001745,,,INR
setl_002489,ICICR88155141734,67575.20,2026-07-15T11:30:00+05:30,pay_002483|pay_002485|pay_002487,,,INR
setl_004514,HDFCN10550659063,5115.00,2026-07-07T11:30:00+05:30,pay_004512,,,INR
setl_002613,,3969.40,2026-07-10T11:30:00+05:30,pay_002609|pay_002611,,,INR
setl_003819,AXISP12969203417,1177020.00,2026-07-09T11:30:00+05:30,pay_003812|pay_003814|pay_003816,rfnd_003818,,INR
setl_005447,HDFCN93569758815,182749.18,2026-07-28T11:30:00+05:30,pay_005445,,,INR
setl_005977,,22164.67,2026-07-21T11:30:00+05:30,pay_005975,,,INR
setl_002775,SBINR07435523621,5197.69,2026-07-28T11:30:00+05:30,pay_002768|pay_002770|pay_002772,rfnd_002774,,INR
setl_001010,SBINR83384585541,9294.00,2026-07-13T11:30:00+05:30,pay_001008,,,INR
setl_001966,,22503.81,2026-07-21T11:30:00+05:30,pay_001964,,,INR
setl_003425,HDFCN68863298620,220895.88,2026-07-31T11:30:00+05:30,pay_003421|pay_003423,,,INR
setl_007696,AXISP86302895695,18224.38,2026-07-16T11:30:00+05:30,pay_007694,,,INR
setl_000107,HDFCN80292698996,167.89,2026-07-17T11:30:00+05:30,pay_000105,,,INR
setl_005028,ICICR46757426455,55466.76,2026-08-03T11:30:00+05:30,pay_005026,,,INR
setl_004471,,5805.63,2026-07-14T11:30:00+05:30,pay_004467|pay_004469,,,INR
setl_005407,AXISP95759320874,8127.75,2026-07-03T11:30:00+05:30,pay_005405,,,INR
setl_004873,,75280.51,2026-07-15T11:30:00+05:30,pay_004871,,,INR
setl_005091,SBINR46882622345,10974.06,2026-07-27T11:30:00+05:30,pay_005084|pay_005086|pay_005088,rfnd_005090,,INR
setl_002729,,540090.78,2026-07-28T11:30:00+05:30,pay_002727,,,INR
setl_003121,AXISP38239143741,6775.00,2026-07-27T11:30:00+05:30,pay_003119,,,INR
setl_003444,AXISP93474640982,74382.51,2026-07-14T11:30:00+05:30,pay_003442,,,INR
setl_007108,HDFCN54840950967,410280.92,2026-07-22T11:30:00+05:30,pay_007102|pay_007104|pay_007106,,,INR
setl_000545,SBINR37796478151,58517.00,2026-07-24T11:30:00+05:30,pay_000543,,,INR
setl_001302,SBINR18871540774,30522.00,2026-07-10T11:30:00+05:30,pay_001300,,,INR
setl_005844,,1826.84,2026-07-31T11:30:00+05:30,pay_005840|pay_005842,,,INR
setl_003438,HDFCN39511150140,375.91,2026-07-07T11:30:00+05:30,pay_003436,,,INR
setl_004987,SBINR72541887788,39733.11,2026-07-07T11:30:00+05:30,pay_004981|pay_004983|pay_004985,,,INR
setl_003886,AXISP53394921123,5550.39,2026-07-28T11:30:00+05:30,pay_003879|pay_003881|pay_003883,,adj_003885,INR
setl_003527,,74003.06,2026-08-03T11:30:00+05:30,pay_003523|pay_003525,,,INR
setl_002558,HDFCN11339300574,97628.12,2026-07-14T11:30:00+05:30,pay_002552|pay_002554|pay_002556,,,INR
setl_002691,ICICR14039481280,54379.61,2026-07-16T11:30:00+05:30,pay_002685|pay_002687|pay_002689,,,INR
setl_000497,SBINR69671448744,744.00,2026-07-21T11:30:00+05:30,pay_000495,,,INR
setl_000626,ICICR21477146883,3286.50,2026-07-28T11:30:00+05:30,pay_000620|pay_000622|pay_000624,,,INR
setl_005653,HDFCN49071367741,384576.00,2026-07-28T11:30:00+05:30,pay_005651,,,INR
setl_006770,SBINR46784689057,11742.26,2026-08-03T11:30:00+05:30,pay_006766|pay_006768,,,INR
setl_003512,,3344.33,2026-07-24T11:30:00+05:30,pay_003508|pay_003510,,,INR
setl_002169,,27852.79,2026-07-21T11:30:00+05:30,pay_002167,,,INR
setl_001598,,64412.12,2026-07-17T11:30:00+05:30,pay_001596,,,INR
setl_002607,,671.76,2026-07-10T11:30:00+05:30,pay_002605,,,INR
setl_006355,ICICR74235750869,45473.61,2026-07-08T11:30:00+05:30,pay_006351|pay_006353,,,INR
setl_004508,HDFCN05593533300,1581.73,2026-07-16T11:30:00+05:30,pay_004506,,,INR
setl_004034,HDFCN57221137646,760.00,2026-08-03T11:30:00+05:30,pay_004030|pay_004032,,,INR
setl_006859,AXISP82963844055,930880.88,2026-07-03T11:30:00+05:30,pay_006853|pay_006855|pay_006857,,,INR
setl_001720,HDFCN10506152729,8207.77,2026-07-14T11:30:00+05:30,pay_001718,,,INR
setl_002638,HDFCN21611764113,9710.30,2026-08-03T11:30:00+05:30,pay_002634|pay_002636,,,INR
setl_000228,,600.23,2026-07-07T11:30:00+05:30,pay_000226,,,INR
setl_005185,AXISP17069663781,423951.42,2026-07-29T11:30:00+05:30,pay_005179|pay_005181|pay_005183,,,INR
setl_006543,SBINR26040582312,10431.00,2026-07-07T11:30:00+05:30,pay_006539|pay_006541,,,INR
setl_001560,ICICR02204902004,713.75,2026-07-13T11:30:00+05:30,pay_001558,,,INR
setl_007688,HDFCN12465333680,318384.58,2026-07-09T11:30:00+05:30,pay_007684|pay_007686,,,INR
setl_006937,HDFCN67874923398,36734.12,2026-07-27T11:30:00+05:30,pay_006935,,,INR
setl_007413,HDFCN82815701114,322.18,2026-07-31T11:30:00+05:30,pay_007411,,,INR
setl_002028,HDFCN69908134561,675655.00,2026-07-06T11:30:00+05:30,pay_002022|pay_002024|pay_002026,,,INR
setl_003324,SBINR78201458727,74420.62,2026-07-14T11:30:00+05:30,pay_003317|pay_003319|pay_003321,,adj_003323,INR
setl_005480,SBINR79173948202,1618.09,2026-07-14T11:30:00+05:30,pay_005474|pay_005476|pay_005478,,,INR
setl_005745,ICICR39136141964,59557.06,2026-07-20T11:30:00+05:30,pay_005738|pay_005740|pay_005742,rfnd_005744,,INR
setl_003587,SBINR75651709275,7607.00,2026-07-28T11:30:00+05:30,pay_003585,,,INR
setl_006687,,6377.39,2026-07-10T11:30:00+05:30,pay_006683|pay_006685,,,INR
setl_005310,HDFCN14992824110,11498.09,2026-07-09T11:30:00+05:30,pay_005306|pay_005308,,,INR
setl_007084,,106299.00,2026-07-09T11:30:00+05:30,pay_007080|pay_007082,,,INR
setl_003162,SBINR06153794339,307025.86,2026-07-08T11:30:00+05:30,pay_003158|pay_003160,,,INR
setl_004665,AXISP07132448097,5021.94,2026-08-04T11:30:00+05:30,pay_004661|pay_004663,,,INR
setl_005981,,27717.00,2026-07-21T11:30:00+05:30,pay_005979,,,INR
setl_001201,AXISP14650032137,32692.87,2026-07-07T11:30:00+05:30,pay_001197|pay_001199,,,INR
setl_005115,SBINR56971255294,66727.29,2026-07-15T11:30:00+05:30,pay_005109|pay_005111|pay_005113,,,INR
setl_006372,SBINR84457809212,653096.90,2026-07-24T11:30:00+05:30,pay_006368|pay_006370,,,INR
setl_003873,AXISP37057570718,365904.41,2026-07-03T11:30:00+05:30,pay_003869|pay_003871,,,INR
setl_004716,ICICR79552886409,20208.08,2026-07-21T11:30:00+05:30,pay_004714,,,INR
setl_006625,HDFCN98025052426,5555.58,2026-07-20T11:30:00+05:30,pay_006623,,,INR
setl_000732,,7057.42,2026-07-10T11:30:00+05:30,pay_000730,,,INR
setl_007077,,4180.73,2026-07-09T11:30:00+05:30,pay_007073|pay_007075,,,INR
setl_003204,SBINR13751959890,997.67,2026-07-28T11:30:00+05:30,pay_003202,,,INR
setl_006837,HDFCN39906862351,9131.29,2026-07-14T11:30:00+05:30,pay_006835,,,INR
setl_002220,HDFCN41086162363,39928.90,2026-07-16T11:30:00+05:30,pay_002218,,,INR
setl_005564,SBINR02486031992,513.57,2026-07-06T11:30:00+05:30,pay_005562,,,INR
setl_000736,,62274.54,2026-07-10T11:30:00+05:30,pay_000734,,,INR
setl_005253,SBINR32223933404,541.00,2026-07-08T11:30:00+05:30,pay_005251,,,INR
setl_000673,,57802.78,2026-07-31T11:30:00+05:30,pay_000669|pay_000671,,,INR
setl_007329,AXISP20993472071,89441.72,2026-07-22T11:30:00+05:30,pay_007322|pay_007324|pay_007326,,adj_007328,INR
setl_002725,,9085.00,2026-07-28T11:30:00+05:30,pay_002723,,,INR
setl_003404,SBINR15244247508,43150.05,2026-08-04T11:30:00+05:30,pay_003400|pay_003402,,,INR
setl_004277,,9213.00,2026-07-17T11:30:00+05:30,pay_004275,,,INR
setl_002071,HDFCN27114474653,164353.37,2026-07-27T11:30:00+05:30,pay_002064|pay_002066|pay_002068,rfnd_002070,,INR
setl_001268,,36555.00,2026-07-15T11:30:00+05:30,pay_001266,,,INR
setl_000910,AXISP21306878404,434156.00,2026-07-29T11:30:00+05:30,pay_000904|pay_000906|pay_000908,,,INR
setl_003791,AXISP78092956684,324497.37,2026-07-10T11:30:00+05:30,pay_003785|pay_003787|pay_003789,,,INR
setl_007505,ICICR29469621350,54218.18,2026-07-14T11:30:00+05:30,pay_007498|pay_007500|pay_007502,rfnd_007504,,INR
setl_002332,SBINR68513945213,488478.00,2026-07-15T11:30:00+05:30,pay_002328|pay_002330,,,INR
setl_007796,SBINR37598392706,81485.57,2026-07-10T11:30:00+05:30,pay_007790|pay_007792|pay_007794,,,INR
setl_006288,ICICR62285916649,5604.83,2026-07-09T11:30:00+05:30,pay_006286,,,INR
setl_003106,,88641.50,2026-07-30T11:30:00+05:30,pay_003104,,,INR
setl_002372,HDFCN72262900786,32892.93,2026-07-14T11:30:00+05:30,pay_002370,,,INR
setl_004302,AXISP91867040890,4959.81,2026-07-08T11:30:00+05:30,pay_004296|pay_004298|pay_004300,,,INR
setl_006043,SBINR39474573551,895772.20,2026-07-08T11:30:00+05:30,pay_006041,,,INR
setl_004102,,349582.24,2026-07-13T11:30:00+05:30,pay_004098|pay_004100,,,INR
setl_003593,HDFCN17237889682,906826.46,2026-08-04T11:30:00+05:30,pay_003591,,,INR
setl_001020,HDFCN19097681599,11070.00,2026-07-24T11:30:00+05:30,pay_001014|pay_001016|pay_001018,,,INR
setl_005293,,8755.38,2026-07-31T11:30:00+05:30,pay_005291,,,INR
setl_001377,,454566.71,2026-07-06T11:30:00+05:30,pay_001373|pay_001375,,,INR
setl_000132,,1024.46,2026-07-14T11:30:00+05:30,pay_000128|pay_000130,,,INR
setl_004953,HDFCN20362270093,739.00,2026-07-14T11:30:00+05:30,pay_004951,,,INR
setl_001656,ICICR84555981326,975162.00,2026-07-28T11:30:00+05:30,pay_001652|pay_001654,,,INR
setl_005261,SBINR14936171027,95733.81,2026-07-16T11:30:00+05:30,pay_005257|pay_005259,,,INR
setl_003829,SBINR84834760214,60576.68,2026-07-16T11:30:00+05:30,pay_003825|pay_003827,,,INR
setl_002846,AXISP22690828288,831593.00,2026-07-07T11:30:00+05:30,pay_002844,,,INR
setl_001922,,436988.72,2026-07-28T11:30:00+05:30,pay_001918|pay_001920,,,INR
setl_002933,SBINR06031142143,444.49,2026-07-07T11:30:00+05:30,pay_002931,,,INR
setl_003029,HDFCN69452824837,458.91,2026-08-04T11:30:00+05:30,pay_003027,,,INR
setl_007129,AXISP68635423535,2047.92,2026-07-21T11:30:00+05:30,pay_007123|pay_007125|pay_007127,,,INR
setl_002274,HDFCN93567345090,1018.18,2026-07-09T11:30:00+05:30,pay_002270|pay_002272,,,INR
setl_000511,SBINR16109212716,926478.77,2026-08-03T11:30:00+05:30,pay_000507|pay_000509,,,INR
setl_001980,AXISP18141430054,801595.17,2026-07-06T11:30:00+05:30,pay_001974|pay_001976|pay_001978,,,INR
setl_004762,SBINR37679262082,67658.22,2026-08-03T11:30:00+05:30,pay_004756|pay_004758|pay_004760,,,INR
setl_001952,HDFCN20543592438,241061.89,2026-07-31T11:30:00+05:30,pay_001946|pay_001948|pay_001950,,,INR
setl_002215,SBINR05133672687,5282.00,2026-07-08T11:30:00+05:30,pay_002213,,,INR
setl_003687,HDFCN49540726649,56480.00,2026-07-14T11:30:00+05:30,pay_003685,,,INR
setl_007604,HDFCN36489776629,44785.64,2026-07-23T11:30:00+05:30,pay_007597|pay_007599|pay_007601,rfnd_007603,,INR
setl_000139,HDFCN05189577172,73866.00,2026-07-14T11:30:00+05:30,pay_000137,,,INR
setl_000213,,486761.06,2026-07-07T11:30:00+05:30,pay_000211,,,INR
setl_001855,SBINR35962203626,84124.00,2026-08-04T11:30:00+05:30,pay_001853,,,INR
setl_003133,,75735.50,2026-07-22T11:30:00+05:30,pay_003131,,,INR
setl_001916,,5572.00,2026-07-28T11:30:00+05:30,pay_001914,,,INR
setl_003853,HDFCN74941874281,93230.83,2026-07-29T11:30:00+05:30,pay_003851,,,INR
setl_007575,,8487.89,2026-07-15T11:30:00+05:30,pay_007573,,,INR
setl_001625,ICICR47527890386,39581.00,2026-07-31T11:30:00+05:30,pay_001623,,,INR
setl_004651,SBINR17667037832,7737.54,2026-07-21T11:30:00+05:30,pay_004649,,,INR
setl_001157,,31383.25,2026-07-22T11:30:00+05:30,pay_001155,,,INR
setl_002675,AXISP34185254646,401.00,2026-07-21T11:30:00+05:30,pay_002673,,,INR
setl_001646,SBINR32884640055,1341.34,2026-07-08T11:30:00+05:30,pay_001640|pay_001642|pay_001644,,,INR
setl_006698,,1067.00,2026-07-10T11:30:00+05:30,pay_006694|pay_006696,,,INR
setl_002870,ICICR04612093324,9053.37,2026-07-06T11:30:00+05:30,pay_002868,,,INR
setl_002566,ICICR03400897141,94848.00,2026-07-20T11:30:00+05:30,pay_002564,,,INR
setl_006053,,21715.41,2026-07-20T11:30:00+05:30,pay_006051,,,INR
setl_001433,AXISP29385559690,9221.00,2026-07-07T11:30:00+05:30,pay_001429|pay_001431,,,INR
setl_004253,HDFCN52412923466,23435.78,2026-07-07T11:30:00+05:30,pay_004249|pay_004251,,,INR
setl_000844,,35840.02,2026-07-21T11:30:00+05:30,pay_000842,,,INR
setl_004240,,6866.40,2026-07-03T11:30:00+05:30,pay_004236|pay_004238,,,INR
setl_002701,AXISP43802205517,16159.21,2026-08-03T11:30:00+05:30,pay_002697|pay_002699,,,INR
setl_002117,,197670.23,2026-08-03T11:30:00+05:30,pay_002115,,,INR
setl_003837,HDFCN14900252962,15553.01,2026-07-21T11:30:00+05:30,pay_003833|pay_003835,,,INR
setl_001057,,755.14,2026-07-14T11:30:00+05:30,pay_001053|pay_001055,,,INR
setl_000827,AXISP54378911247,8823.05,2026-07-14T11:30:00+05:30,pay_000821|pay_000823|pay_000825,,,INR
setl_006185,AXISP68310887096,794328.00,2026-07-20T11:30:00+05:30,pay_006179|pay_006181|pay_006183,,,INR
setl_004995,SBINR63666714261,991.00,2026-11-09T11:30:00+05:30,pay_004993,,,INR
setl_006116,HDFCN26099484468,93460.22,2026-07-10T11:30:00+05:30,pay_006112|pay_006114,,,INR
setl_000416,,2314.00,2026-07-21T11:30:00+05:30,pay_000414,,,INR
setl_000242,ICICR90030105860,27389.27,2026-07-20T11:30:00+05:30,pay_000236|pay_000238|pay_000240,,,INR
